ESTADO;MUNICÍPIO;FAZENDA;NÚMERO DA MATRIZ;DATA DE NASCIMENTO;DATA DE ENTRADA NA FAZENDA;DATA DE APTIDÃO;RAÇA DA MATRIZ;DATA DE BAIXA;TIPO DE BAIXA;MOTIVO DE BAIXA;GANHO DE PESO NASCIMENTO A DESM;PROPRIETÁRIO;IDSEMEN PAI;NÚMERO PAI;IDSEMEN AVÔ MATERNO;NÚMERO AVÔ MATERNO;DATA DO ÚLTIMO PARTO;TIPO DE PARTO;ORDEM DE PARTO;RETENÇÃO DE PLACENTA;GEMELAR ÚLTIMO PARTO;SEXO CRIA 1 - ÚLTIMO PARTO;SEXO CRIA 2 - ÚLTIMO PARTO;PESO AO PARTO;ECC NA SECAGEM;ECC ÚLTIMO PARTO;DATA DO SERVIÇO;TIPO DO SERVIÇO;INSEMINADOR;CONDIÇÃO DE IA;PROTOCOLO;REPRODUTOR;IDSEMEN REPRODUTOR;TIPO DE SÊMEN;RAÇA DO REPRODUTOR;ORDEM DE TENTATIVA;INTERVALO ENTRE TENTATIVAS;Tº RETAL IA/IATF;SETOR NA TENTATIVA;DATA DO DIAGNOSTICO;DIAGNÓSTICO;DATA DA PERDA DE PRENHEZ;TIPO DA PERDA DE PRENHEZ;CCS NO PRIMEIRO MÊS PÓS PARTO;CCS;PRODUÇÃO LACTAÇÃO ANTERIOR;DURAÇÃO DA LACTAÇÃO ANTERIOR (D;PERIODO SECO ANTERIOR (DIAS);PRODUÇÃO DE LEITE;DOENÇA NA LACTAÇÃO;ESCORE;CL INÍCIO PROTOCOLO;PEV;PARTO_REAL;TIPO_PARTO_REAL;SEXO CRIA 1 - ÚLTIMO PARTO REAL;SEXO CRIA 2 - ÚLTIMO PARTO REAL;DATA DE INÍCIO DA PRIMEIRA LACT;DATA DE TÉRMINO DA PRIMEIRA LAC;PRODUÇÃO TOTAL NA PRIMEIRA LACT;
;;Fazenda Estreito Ponte de Pedra;01;01/11/2024;27/04/2026;01/11/2025;Girolando;;;;;JAIRO NASSER QUINTILIANO DA SILVA;;;;;;;0;;;;;;;;01/03/2026;Cobertura;;PROTOCOLO IATF;PROTOCOLO IATF D0 A D11;N. INF;;;Girolando;1;;;Principal - Leite;29/04/2026;POSITIVO;;;;;;;;;0;;0;45;;;;;;;;
;;Fazenda Estreito Ponte de Pedra;02;25/10/2024;27/04/2026;25/10/2025;Girolando;;;;;JAIRO NASSER QUINTILIANO DA SILVA;;;;;;;0;;;;;;;;25/02/2026;Cobertura;;PROTOCOLO IATF;PROTOCOLO IATF D0 A D11;N. INF;;;Girolando;1;;;Principal - Leite;29/04/2026;POSITIVO;;;;;;;;;0;;0;45;;;;;;;;
;;Fazenda Estreito Ponte de Pedra;04;27/02/2025;27/04/2026;27/02/2026;Girolando;;;;;JAIRO NASSER QUINTILIANO DA SILVA;;;;;;;0;;;;;;;;10/05/2026;Inseminação Artificial;LEOMIR BONFIM;PROTOCOLO IATF;PROTOCOLO IATF D0 A D11;COORS;;C;Holandês;1;;;Principal - Leite;12/06/2026;POSITIVO;;;;;;;;;0;;0;45;;;;;;;;
;;Fazenda Estreito Ponte de Pedra;06;10/11/2024;27/04/2026;10/11/2025;Girolando;;;;;JAIRO NASSER QUINTILIANO DA SILVA;;;;;;;0;;;;;;;;10/03/2026;Cobertura;;PROTOCOLO IATF;PROTOCOLO IATF D0 A D11;N. INF;;;Girolando;1;;;Principal - Leite;29/04/2026;POSITIVO;;;;;;;;;0;;0;45;;;;;;;;
;;Fazenda Estreito Ponte de Pedra;068;28/02/2024;30/12/2025;27/02/2025;Girolando;;;;;JAIRO NASSER QUINTILIANO DA SILVA;;;;;;;0;;;;;;;;15/07/2025;Inseminação Artificial;;CIO NATURAL;;DESCONHECIDO 0;;C;Girolando;1;;;Principal - Leite;15/08/2025;POSITIVO;;;;;;;;;0;;0;45;18/04/2026;Natimorto;M;;18/04/2026;;3960;
;;Fazenda Estreito Ponte de Pedra;070;28/02/2024;30/12/2025;27/02/2025;Girolando;;;;;JAIRO NASSER QUINTILIANO DA SILVA;;;;;;;0;;;;;;;;15/07/2025;Inseminação Artificial;;CIO NATURAL;;DESCONHECIDO 0;;C;Girolando;1;;;Principal - Leite;15/08/2025;POSITIVO;;;;;;;;;0;;0;45;10/06/2026;Normal;M;;10/06/2026;;0;
;;Fazenda Estreito Ponte de Pedra;075;28/02/2024;30/12/2025;27/02/2025;Girolando;;;;;JAIRO NASSER QUINTILIANO DA SILVA;;;;;;;0;;;;;;;;28/05/2025;Inseminação Artificial;;PROTOCOLO IATF;;DESCONHECIDO 0;;C;Girolando;1;;;Principal - Leite;28/06/2025;POSITIVO;;;;;;;;;0;;0;45;22/02/2026;Natimorto;F;;22/02/2026;;3978;
;;Fazenda Estreito Ponte de Pedra;075;28/02/2024;30/12/2025;27/02/2025;Girolando;;;;;JAIRO NASSER QUINTILIANO DA SILVA;;;;;22/02/2026;Natimorto;1;0;NÃO;F;;;;;10/05/2026;Inseminação Artificial;LEOMIR BONFIM;PROTOCOLO IATF;PROTOCOLO IATF D0 A D11;COORS;;C;Holandês;1;;;Principal - Leite;12/06/2026;NEGATIVO;;;;;;;;3978;0;;0;45;;;;;22/02/2026;;3978;
;;Fazenda Estreito Ponte de Pedra;08;27/02/2025;27/04/2026;27/02/2026;Girolando;;;;;JAIRO NASSER QUINTILIANO DA SILVA;;;;;;;0;;;;;;;;23/06/2026;Inseminação Artificial;LEOMIR BONFIM;PROTOCOLO IATF;PROTOCOLO IATF D0 A D11;HAGEN;;S;Holandês;1;;;Principal - Leite;;ABERTO;;;;;;;;;0;;0;45;;;;;;;;
;;Fazenda Estreito Ponte de Pedra;09;27/02/2025;27/04/2026;27/02/2026;Girolando;;;;;JAIRO NASSER QUINTILIANO DA SILVA;;;;;;;0;;;;;;;;10/05/2026;Inseminação Artificial;LEOMIR BONFIM;PROTOCOLO IATF;PROTOCOLO IATF D0 A D11;COORS;;C;Holandês;1;;;Principal - Leite;06/06/2026;NEGATIVO;;;;;;;;;0;;0;45;;;;;;;;
;;Fazenda Estreito Ponte de Pedra;090;01/11/2024;27/04/2026;01/11/2025;Girolando;;;;;JAIRO NASSER QUINTILIANO DA SILVA;;;;;;;0;;;;;;;;01/03/2026;Cobertura;;PROTOCOLO IATF;PROTOCOLO IATF D0 A D11;N. INF;;;Girolando;1;;;Principal - Leite;29/04/2026;POSITIVO;;;;;;;;;0;;0;45;;;;;;;;
;;Fazenda Estreito Ponte de Pedra;107;30/09/2024;27/04/2026;30/09/2025;Girolando;;;;;JAIRO NASSER QUINTILIANO DA SILVA;;;;;;;0;;;;;;;;30/01/2026;Cobertura;;PROTOCOLO IATF;PROTOCOLO IATF D0 A D11;N. INF;;;Girolando;1;;;Principal - Leite;29/04/2026;POSITIVO;;;;;;;;;0;;0;45;;;;;;;;
;;Fazenda Estreito Ponte de Pedra;108;01/06/2024;27/04/2026;01/10/2025;Girolando;;;;;JAIRO NASSER QUINTILIANO DA SILVA;;;;;;;0;;;;;;;;22/11/2025;Cobertura;;PROTOCOLO IATF;PROTOCOLO IATF D0 A D11;N. INF;;;Girolando;1;;;Principal - Leite;29/04/2026;POSITIVO;30/05/2026;ABORTO;;;;;;;0;;0;45;30/05/2026;Aborto;;;;;;
;;Fazenda Estreito Ponte de Pedra;113;01/05/2024;27/04/2026;01/05/2025;Girolando;;;;;JAIRO NASSER QUINTILIANO DA SILVA;;;;;;;0;;;;;;;;05/03/2026;Cobertura;;PROTOCOLO IATF;PROTOCOLO IATF D0 A D11;N. INF;;;Girolando;1;;;Principal - Leite;29/04/2026;POSITIVO;;;;;;;;;0;;0;45;;;;;;;;
;;Fazenda Estreito Ponte de Pedra;1234;27/02/2024;21/06/2026;26/02/2025;Holandês;;;;;HELIO RODARTE E SILVA;20098227;LYCASPER;;;;;0;;;;;;;;13/05/2025;Inseminação Artificial;;CIO NATURAL;;VICTINHO;;C;Holandês;1;;;Principal - Leite;12/07/2025;NEGATIVO;;;;;;;;;0;;0;45;;;;;;;;
;;Fazenda Estreito Ponte de Pedra;1234;27/02/2024;21/06/2026;26/02/2025;Holandês;;;;;HELIO RODARTE E SILVA;20098227;LYCASPER;;;;;0;;;;;;;;12/07/2025;Inseminação Artificial;CARLOS ALPHA ABS;PROTOCOLO IATF;PROTOCOLO IATF D0 A D11;VICTINHO;;C;Holandês;2;60;;Principal - Leite;31/07/2025;NEGATIVO;;;;;;;;;0;;0;45;;;;;;;;
;;Fazenda Estreito Ponte de Pedra;1234;27/02/2024;21/06/2026;26/02/2025;Holandês;;;;;HELIO RODARTE E SILVA;20098227;LYCASPER;;;;;0;;;;;;;;31/07/2025;Inseminação Artificial;;CIO NATURAL;;VICTINHO;;C;Holandês;3;19;;Principal - Leite;20/08/2025;NEGATIVO;;;;;;;;;0;;0;45;;;;;;;;
;;Fazenda Estreito Ponte de Pedra;1234;27/02/2024;21/06/2026;26/02/2025;Holandês;;;;;HELIO RODARTE E SILVA;20098227;LYCASPER;;;;;0;;;;;;;;20/08/2025;Cobertura;;CIO NATURAL;;N. INF;;;Holandês;4;20;;Principal - Leite;20/10/2025;NEGATIVO;;;;;;;;;0;;0;45;;;;;;;;
;;Fazenda Estreito Ponte de Pedra;1234;27/02/2024;21/06/2026;26/02/2025;Holandês;;;;;HELIO RODARTE E SILVA;20098227;LYCASPER;;;;;0;;;;;;;;20/10/2025;Inseminação Artificial;THIAGO ALPHA ABS;PROTOCOLO IATF;PROTOCOLO IATF D0 A D11;DESCONHECIDO 0;;C;Girolando;5;61;;Principal - Leite;20/01/2026;NEGATIVO;;;;;;;;;0;;0;45;;;;;;;;
;;Fazenda Estreito Ponte de Pedra;1234;27/02/2024;21/06/2026;26/02/2025;Holandês;;;;;HELIO RODARTE E SILVA;20098227;LYCASPER;;;;;0;;;;;;;;20/01/2026;Inseminação Artificial;THIAGO ALPHA ABS;PROTOCOLO IATF;PROTOCOLO IATF D0 A D11;VICTINHO;;C;Holandês;6;92;;Principal - Leite;10/02/2026;NEGATIVO;;;;;;;;;0;;0;45;;;;;;;;
;;Fazenda Estreito Ponte de Pedra;1234;27/02/2024;21/06/2026;26/02/2025;Holandês;;;;;HELIO RODARTE E SILVA;20098227;LYCASPER;;;;;0;;;;;;;;10/02/2026;Inseminação Artificial;;CIO NATURAL;;VICTINHO;;C;Holandês;7;21;;Principal - Leite;22/03/2026;NEGATIVO;;;;;;;;;0;;0;45;;;;;;;;
;;Fazenda Estreito Ponte de Pedra;1234;27/02/2024;21/06/2026;26/02/2025;Holandês;;;;;HELIO RODARTE E SILVA;20098227;LYCASPER;;;;;0;;;;;;;;22/03/2026;Cobertura;;CIO NATURAL;;N. INF;;;Holandês;8;40;;Principal - Leite;05/05/2026;POSITIVO;;;;;;;;;0;;0;45;;;;;;;;
;;Fazenda Estreito Ponte de Pedra;1245;17/03/2024;21/06/2026;17/03/2025;Holandês;;;;;HELIO RODARTE E SILVA;20098227;LYCASPER;;;;;0;;;;;;;;30/07/2025;Inseminação Artificial;;CIO NATURAL;;VICTINHO;;C;Holandês;1;;;Principal - Leite;19/08/2025;NEGATIVO;;;;;;;;;0;;0;45;;;;;;;;
;;Fazenda Estreito Ponte de Pedra;1245;17/03/2024;21/06/2026;17/03/2025;Holandês;;;;;HELIO RODARTE E SILVA;20098227;LYCASPER;;;;;0;;;;;;;;19/08/2025;Inseminação Artificial;;CIO NATURAL;;VICTINHO;;C;Holandês;2;20;;Principal - Leite;04/10/2025;NEGATIVO;;;;;;;;;0;;0;45;;;;;;;;
;;Fazenda Estreito Ponte de Pedra;1245;17/03/2024;21/06/2026;17/03/2025;Holandês;;;;;HELIO RODARTE E SILVA;20098227;LYCASPER;;;;;0;;;;;;;;04/10/2025;Inseminação Artificial;CARLOS ALPHA ABS;PROTOCOLO IATF;PROTOCOLO IATF D0 A D11;DESCONHECIDO 0;;C;Girolando;3;46;;Principal - Leite;18/11/2025;NEGATIVO;;;;;;;;;0;;0;45;;;;;;;;
;;Fazenda Estreito Ponte de Pedra;1245;17/03/2024;21/06/2026;17/03/2025;Holandês;;;;;HELIO RODARTE E SILVA;20098227;LYCASPER;;;;;0;;;;;;;;18/11/2025;Inseminação Artificial;THIAGO ALPHA ABS;PROTOCOLO IATF;PROTOCOLO IATF D0 A D11;VICTINHO;;C;Holandês;4;45;;Principal - Leite;09/01/2026;POSITIVO;;;;;;;;;0;;0;45;;;;;;;;
;;Fazenda Estreito Ponte de Pedra;1247;19/03/2024;21/06/2026;19/03/2025;Holandês;;;;;HELIO RODARTE E SILVA;20098227;LYCASPER;;;;;0;;;;;;;;04/10/2025;Inseminação Artificial;CARLOS ALPHA ABS;PROTOCOLO IATF;PROTOCOLO IATF D0 A D11;DESCONHECIDO 0;;C;Girolando;1;;;Principal - Leite;23/12/2025;NEGATIVO;;;;;;;;;0;;0;45;;;;;;;;
;;Fazenda Estreito Ponte de Pedra;1247;19/03/2024;21/06/2026;19/03/2025;Holandês;;;;;HELIO RODARTE E SILVA;20098227;LYCASPER;;;;;0;;;;;;;;23/12/2025;Inseminação Artificial;;CIO NATURAL;;VICTINHO;;C;Holandês;2;80;;Principal - Leite;10/02/2026;NEGATIVO;;;;;;;;;0;;0;45;;;;;;;;
;;Fazenda Estreito Ponte de Pedra;1247;19/03/2024;21/06/2026;19/03/2025;Holandês;;;;;HELIO RODARTE E SILVA;20098227;LYCASPER;;;;;0;;;;;;;;10/02/2026;Inseminação Artificial;THIAGO ALPHA ABS;PROTOCOLO IATF;PROTOCOLO IATF D0 A D11;VICTINHO;;C;Holandês;3;49;;Principal - Leite;19/03/2026;POSITIVO;;;;;;;;;0;;0;45;;;;;;;;
;;Fazenda Estreito Ponte de Pedra;1258;29/04/2024;21/06/2026;29/04/2025;Holandês;;;;;HELIO RODARTE E SILVA;20098227;LYCASPER;;;;;0;;;;;;;;26/09/2025;Inseminação Artificial;;CIO NATURAL;;DESCONHECIDO 0;;C;Girolando;1;;;Principal - Leite;18/11/2025;NEGATIVO;;;;;;;;;0;;0;45;;;;;;;;
;;Fazenda Estreito Ponte de Pedra;1258;29/04/2024;21/06/2026;29/04/2025;Holandês;;;;;HELIO RODARTE E SILVA;20098227;LYCASPER;;;;;0;;;;;;;;18/11/2025;Inseminação Artificial;THIAGO ALPHA ABS;PROTOCOLO IATF;PROTOCOLO IATF D0 A D11;VICTINHO;;C;Holandês;2;53;;Principal - Leite;09/01/2026;POSITIVO;;;;;;;;;0;;0;45;;;;;;;;
;;Fazenda Estreito Ponte de Pedra;126;28/02/2024;30/12/2025;27/02/2025;Girolando;;;;;JAIRO NASSER QUINTILIANO DA SILVA;;;;;;;0;;;;;;;;27/03/2025;Inseminação Artificial;;PROTOCOLO IATF;;DESCONHECIDO 0;;C;Girolando;1;;;Principal - Leite;28/06/2025;POSITIVO;;;;;;;;;0;;0;45;06/01/2026;Normal;F;;06/01/2026;;5506;
;;Fazenda Estreito Ponte de Pedra;126;28/02/2024;30/12/2025;27/02/2025;Girolando;;;;;JAIRO NASSER QUINTILIANO DA SILVA;;;;;06/01/2026;Normal;1;0;NÃO;F;;;;;09/03/2026;Inseminação Artificial;LEOMIR BONFIM;PROTOCOLO IATF;PROTOCOLO IATF D0 A D11;A.R.K. STARGAZER MES;;C;Girolando;1;;;Principal - Leite;10/04/2026;POSITIVO;;;;;;;;5506;0;;0;45;;;;;06/01/2026;;5506;
;;Fazenda Estreito Ponte de Pedra;1260;10/05/2024;21/06/2026;10/05/2025;Holandês;;;;;HELIO RODARTE E SILVA;20098227;LYCASPER;;;;;0;;;;;;;;01/08/2025;Inseminação Artificial;;CIO NATURAL;;VICTINHO;;C;Holandês;1;;;Principal - Leite;20/08/2025;NEGATIVO;;;;;;;;;0;;0;45;;;;;;;;
;;Fazenda Estreito Ponte de Pedra;1260;10/05/2024;21/06/2026;10/05/2025;Holandês;;;;;HELIO RODARTE E SILVA;20098227;LYCASPER;;;;;0;;;;;;;;20/08/2025;Inseminação Artificial;;CIO NATURAL;;DESCONHECIDO 0;;C;Girolando;2;19;;Principal - Leite;18/11/2025;NEGATIVO;;;;;;;;;0;;0;45;;;;;;;;
;;Fazenda Estreito Ponte de Pedra;1260;10/05/2024;21/06/2026;10/05/2025;Holandês;;;;;HELIO RODARTE E SILVA;20098227;LYCASPER;;;;;0;;;;;;;;18/11/2025;Inseminação Artificial;THIAGO ALPHA ABS;PROTOCOLO IATF;PROTOCOLO IATF D0 A D11;VICTINHO;;C;Holandês;3;90;;Principal - Leite;20/01/2026;NEGATIVO;;;;;;;;;0;;0;45;;;;;;;;
;;Fazenda Estreito Ponte de Pedra;1260;10/05/2024;21/06/2026;10/05/2025;Holandês;;;;;HELIO RODARTE E SILVA;20098227;LYCASPER;;;;;0;;;;;;;;20/01/2026;Inseminação Artificial;THIAGO ALPHA ABS;PROTOCOLO IATF;PROTOCOLO IATF D0 A D11;VICTINHO;;C;Holandês;4;63;;Principal - Leite;26/02/2026;POSITIVO;;;;;;;;;0;;0;45;;;;;;;;
;;Fazenda Estreito Ponte de Pedra;1261;21/05/2024;21/06/2026;21/05/2025;Holandês;;;;;HELIO RODARTE E SILVA;20092734;KNIGHT;;;;;0;;;;;;;;09/10/2025;Inseminação Artificial;;CIO NATURAL;;DESCONHECIDO 0;;C;Girolando;1;;;Principal - Leite;18/11/2025;NEGATIVO;;;;;;;;;0;;0;45;;;;;;;;
;;Fazenda Estreito Ponte de Pedra;1261;21/05/2024;21/06/2026;21/05/2025;Holandês;;;;;HELIO RODARTE E SILVA;20092734;KNIGHT;;;;;0;;;;;;;;18/11/2025;Inseminação Artificial;THIAGO ALPHA ABS;PROTOCOLO IATF;PROTOCOLO IATF D0 A D11;VICTINHO;;C;Holandês;2;40;;Principal - Leite;12/12/2025;NEGATIVO;;;;;;;;;0;;0;45;;;;;;;;
;;Fazenda Estreito Ponte de Pedra;1261;21/05/2024;21/06/2026;21/05/2025;Holandês;;;;;HELIO RODARTE E SILVA;20092734;KNIGHT;;;;;0;;;;;;;;12/12/2025;Inseminação Artificial;;CIO NATURAL;;VICTINHO;;C;Holandês;3;24;;Principal - Leite;20/01/2026;NEGATIVO;;;;;;;;;0;;0;45;;;;;;;;
;;Fazenda Estreito Ponte de Pedra;1261;21/05/2024;21/06/2026;21/05/2025;Holandês;;;;;HELIO RODARTE E SILVA;20092734;KNIGHT;;;;;0;;;;;;;;20/01/2026;Inseminação Artificial;THIAGO ALPHA ABS;PROTOCOLO IATF;PROTOCOLO IATF D0 A D11;VICTINHO;;C;Holandês;4;39;;Principal - Leite;12/02/2026;NEGATIVO;;;;;;;;;0;;0;45;;;;;;;;
;;Fazenda Estreito Ponte de Pedra;1261;21/05/2024;21/06/2026;21/05/2025;Holandês;;;;;HELIO RODARTE E SILVA;20092734;KNIGHT;;;;;0;;;;;;;;12/02/2026;Inseminação Artificial;;CIO NATURAL;;VICTINHO;;C;Holandês;5;23;;Principal - Leite;19/03/2026;POSITIVO;;;;;;;;;0;;0;45;;;;;;;;
;;Fazenda Estreito Ponte de Pedra;1262;23/05/2024;21/06/2026;23/05/2025;Holandês;;;;;HELIO RODARTE E SILVA;20092734;KNIGHT;;;;;0;;;;;;;;18/11/2025;Inseminação Artificial;THIAGO ALPHA ABS;PROTOCOLO IATF;PROTOCOLO IATF D0 A D11;VICTINHO;;C;Holandês;1;;;Principal - Leite;09/01/2026;POSITIVO;;;;;;;;;0;;0;45;;;;;;;;
;;Fazenda Estreito Ponte de Pedra;1263;26/05/2024;21/06/2026;26/05/2025;Holandês;;;;;HELIO RODARTE E SILVA;20092734;KNIGHT;;;;;0;;;;;;;;18/11/2025;Inseminação Artificial;THIAGO ALPHA ABS;PROTOCOLO IATF;PROTOCOLO IATF D0 A D11;VICTINHO;;C;Holandês;1;;;Principal - Leite;09/12/2025;NEGATIVO;;;;;;;;;0;;0;45;;;;;;;;
;;Fazenda Estreito Ponte de Pedra;1263;26/05/2024;21/06/2026;26/05/2025;Holandês;;;;;HELIO RODARTE E SILVA;20092734;KNIGHT;;;;;0;;;;;;;;09/12/2025;Inseminação Artificial;;CIO NATURAL;;VICTINHO;;C;Holandês;2;21;;Principal - Leite;09/01/2026;POSITIVO;;;;;;;;;0;;0;45;;;;;;;;
;;Fazenda Estreito Ponte de Pedra;1264;27/05/2024;21/06/2026;27/05/2025;Holandês;;;;;HELIO RODARTE E SILVA;20098227;LYCASPER;;;;;0;;;;;;;;12/08/2025;Inseminação Artificial;;CIO NATURAL;;VICTINHO;;C;Holandês;1;;;Principal - Leite;04/10/2025;NEGATIVO;;;;;;;;;0;;0;45;;;;;;;;
;;Fazenda Estreito Ponte de Pedra;1264;27/05/2024;21/06/2026;27/05/2025;Holandês;;;;;HELIO RODARTE E SILVA;20098227;LYCASPER;;;;;0;;;;;;;;04/10/2025;Inseminação Artificial;CARLOS ALPHA ABS;PROTOCOLO IATF;PROTOCOLO IATF D0 A D11;DESCONHECIDO 0;;C;Girolando;2;53;;Principal - Leite;18/11/2025;NEGATIVO;;;;;;;;;0;;0;45;;;;;;;;
;;Fazenda Estreito Ponte de Pedra;1264;27/05/2024;21/06/2026;27/05/2025;Holandês;;;;;HELIO RODARTE E SILVA;20098227;LYCASPER;;;;;0;;;;;;;;18/11/2025;Inseminação Artificial;THIAGO ALPHA ABS;PROTOCOLO IATF;PROTOCOLO IATF D0 A D11;VICTINHO;;C;Holandês;3;45;;Principal - Leite;20/01/2026;NEGATIVO;;;;;;;;;0;;0;45;;;;;;;;
;;Fazenda Estreito Ponte de Pedra;1264;27/05/2024;21/06/2026;27/05/2025;Holandês;;;;;HELIO RODARTE E SILVA;20098227;LYCASPER;;;;;0;;;;;;;;20/01/2026;Inseminação Artificial;THIAGO ALPHA ABS;PROTOCOLO IATF;PROTOCOLO IATF D0 A D11;VICTINHO;;C;Holandês;4;63;;Principal - Leite;26/02/2026;POSITIVO;;;;;;;;;0;;0;45;;;;;;;;
;;Fazenda Estreito Ponte de Pedra;127;28/02/2024;30/12/2025;27/02/2025;Girolando;;;;;JAIRO NASSER QUINTILIANO DA SILVA;;;;;;;0;;;;;;;;23/05/2025;Inseminação Artificial;;CIO NATURAL;;DESCONHECIDO 0;;C;Girolando;1;;;Principal - Leite;28/06/2025;POSITIVO;;;;;;;;;0;;0;45;02/03/2026;Normal;M;;02/03/2026;;4423;
;;Fazenda Estreito Ponte de Pedra;127;28/02/2024;30/12/2025;27/02/2025;Girolando;;;;;JAIRO NASSER QUINTILIANO DA SILVA;;;;;02/03/2026;Normal;1;0;NÃO;M;;;;;12/04/2026;Inseminação Artificial;LEOMIR BONFIM;CIO NATURAL;;COORS;;C;Holandês;1;;;Principal - Leite;22/05/2026;NEGATIVO;;;;;;;;4423;0;;0;45;;;;;02/03/2026;;4423;
;;Fazenda Estreito Ponte de Pedra;127;28/02/2024;30/12/2025;27/02/2025;Girolando;;;;;JAIRO NASSER QUINTILIANO DA SILVA;;;;;02/03/2026;Normal;1;0;NÃO;M;;;;;02/06/2026;Inseminação Artificial;LEOMIR BONFIM;PROTOCOLO IATF;PROTOCOLO IATF D0 A D11;GUINESS;;C;Holandês;2;51;;Principal - Leite;12/06/2026;NEGATIVO;;;;;;;;4423;0;;0;45;;;;;02/03/2026;;4423;
;;Fazenda Estreito Ponte de Pedra;127;28/02/2024;30/12/2025;27/02/2025;Girolando;;;;;JAIRO NASSER QUINTILIANO DA SILVA;;;;;02/03/2026;Normal;1;0;NÃO;M;;;;;12/06/2026;Inseminação Artificial;LEOMIR BONFIM;CIO NATURAL;;GUINESS;;C;Holandês;3;10;;Principal - Leite;19/06/2026;NEGATIVO;;;;;;;;4423;0;;0;45;;;;;02/03/2026;;4423;
;;Fazenda Estreito Ponte de Pedra;127;28/02/2024;30/12/2025;27/02/2025;Girolando;;;;;JAIRO NASSER QUINTILIANO DA SILVA;;;;;02/03/2026;Normal;1;0;NÃO;M;;;;;19/06/2026;Inseminação Artificial;LEOMIR BONFIM;CIO NATURAL;;JAG;;C;Holandês;4;7;;Principal - Leite;;ABERTO;;;;;;;;4423;0;;0;45;;;;;02/03/2026;;4423;
;;Fazenda Estreito Ponte de Pedra;1273;03/08/2024;21/06/2026;03/08/2025;Holandês;;;;;HELIO RODARTE E SILVA;20092734;KNIGHT;;;;;0;;;;;;;;18/11/2025;Inseminação Artificial;THIAGO ALPHA ABS;PROTOCOLO IATF;PROTOCOLO IATF D0 A D11;VICTINHO;;C;Holandês;1;;;Principal - Leite;15/12/2025;NEGATIVO;;;;;;;;;0;;0;45;;;;;;;;
;;Fazenda Estreito Ponte de Pedra;1273;03/08/2024;21/06/2026;03/08/2025;Holandês;;;;;HELIO RODARTE E SILVA;20092734;KNIGHT;;;;;0;;;;;;;;15/12/2025;Inseminação Artificial;;CIO NATURAL;;VICTINHO;;C;Holandês;2;27;;Principal - Leite;30/01/2026;POSITIVO;;;;;;;;;0;;0;45;;;;;;;;
;;Fazenda Estreito Ponte de Pedra;1274;14/08/2024;21/06/2026;14/08/2025;Holandês;;;;;JAIRO ALEXANDRE RODARTE E SILVA;20092734;KNIGHT;;;;;0;;;;;;;;29/08/2025;Inseminação Artificial;;CIO NATURAL;;VICTINHO;;C;Holandês;1;;;Principal - Leite;20/10/2025;NEGATIVO;;;;;;;;;0;;0;45;;;;;;;;
;;Fazenda Estreito Ponte de Pedra;1274;14/08/2024;21/06/2026;14/08/2025;Holandês;;;;;JAIRO ALEXANDRE RODARTE E SILVA;20092734;KNIGHT;;;;;0;;;;;;;;20/10/2025;Inseminação Artificial;THIAGO ALPHA ABS;PROTOCOLO IATF;PROTOCOLO IATF D0 A D11;DESCONHECIDO 0;;C;Girolando;2;52;;Principal - Leite;04/12/2025;POSITIVO;;;;;;;;;0;;0;45;;;;;;;;
;;Fazenda Estreito Ponte de Pedra;1275;16/08/2024;21/06/2026;16/08/2025;Holandês;;;;;JAIRO ALEXANDRE RODARTE E SILVA;20092734;KNIGHT;;;;;0;;;;;;;;18/11/2025;Inseminação Artificial;THIAGO ALPHA ABS;PROTOCOLO IATF;PROTOCOLO IATF D0 A D11;VICTINHO;;C;Holandês;1;;;Principal - Leite;09/01/2026;POSITIVO;;;;;;;;;0;;0;45;;;;;;;;
;;Fazenda Estreito Ponte de Pedra;1276;22/08/2024;21/06/2026;22/08/2025;Holandês;;;;;JAIRO ALEXANDRE RODARTE E SILVA;;;;;;;0;;;;;;;;18/11/2025;Inseminação Artificial;THIAGO ALPHA ABS;PROTOCOLO IATF;PROTOCOLO IATF D0 A D11;VICTINHO;;C;Holandês;1;;;Principal - Leite;09/12/2025;NEGATIVO;;;;;;;;;0;;0;45;;;;;;;;
;;Fazenda Estreito Ponte de Pedra;1276;22/08/2024;21/06/2026;22/08/2025;Holandês;;;;;JAIRO ALEXANDRE RODARTE E SILVA;;;;;;;0;;;;;;;;09/12/2025;Inseminação Artificial;;CIO NATURAL;;VICTINHO;;C;Holandês;2;21;;Principal - Leite;09/01/2026;POSITIVO;;;;;;;;;0;;0;45;;;;;;;;
;;Fazenda Estreito Ponte de Pedra;1278;24/08/2024;21/06/2026;24/08/2025;Holandês;;;;;JAIRO ALEXANDRE RODARTE E SILVA;20092734;KNIGHT;;;;;0;;;;;;;;18/11/2025;Inseminação Artificial;THIAGO ALPHA ABS;PROTOCOLO IATF;PROTOCOLO IATF D0 A D11;VICTINHO;;C;Holandês;1;;;Principal - Leite;09/01/2026;POSITIVO;;;;;;;;;0;;0;45;;;;;;;;
;;Fazenda Estreito Ponte de Pedra;1279;27/08/2024;21/06/2026;27/08/2025;Holandês;;;;;JAIRO ALEXANDRE RODARTE E SILVA;20092734;KNIGHT;;;;;0;;;;;;;;18/11/2025;Inseminação Artificial;THIAGO ALPHA ABS;PROTOCOLO IATF;PROTOCOLO IATF D0 A D11;VICTINHO;;C;Holandês;1;;;Principal - Leite;26/11/2025;NEGATIVO;;;;;;;;;0;;0;45;;;;;;;;
;;Fazenda Estreito Ponte de Pedra;1279;27/08/2024;21/06/2026;27/08/2025;Holandês;;;;;JAIRO ALEXANDRE RODARTE E SILVA;20092734;KNIGHT;;;;;0;;;;;;;;26/11/2025;Inseminação Artificial;;CIO NATURAL;;VICTINHO;;C;Holandês;2;8;;Principal - Leite;28/12/2025;NEGATIVO;;;;;;;;;0;;0;45;;;;;;;;
;;Fazenda Estreito Ponte de Pedra;1279;27/08/2024;21/06/2026;27/08/2025;Holandês;;;;;JAIRO ALEXANDRE RODARTE E SILVA;20092734;KNIGHT;;;;;0;;;;;;;;28/12/2025;Inseminação Artificial;;CIO NATURAL;;VICTINHO;;C;Holandês;3;32;;Principal - Leite;30/01/2026;POSITIVO;;;;;;;;;0;;0;45;;;;;;;;
;;Fazenda Estreito Ponte de Pedra;128;28/02/2024;30/12/2025;27/02/2025;Girolando;;;;;JAIRO NASSER QUINTILIANO DA SILVA;;;;;;;0;;;;;;;;23/05/2025;Inseminação Artificial;;CIO NATURAL;;DESCONHECIDO 0;;C;Girolando;1;;;Principal - Leite;28/06/2025;POSITIVO;;;;;;;;;0;;0;45;02/03/2026;Normal;F;;02/03/2026;;3466;
;;Fazenda Estreito Ponte de Pedra;128;28/02/2024;30/12/2025;27/02/2025;Girolando;;;;;JAIRO NASSER QUINTILIANO DA SILVA;;;;;02/03/2026;Normal;1;0;NÃO;F;;;;;02/06/2026;Inseminação Artificial;LEOMIR BONFIM;PROTOCOLO IATF;PROTOCOLO IATF D0 A D11;GUINESS;;C;Holandês;1;;;Principal - Leite;03/07/2026;NEGATIVO;;;;;;;;3466;0;;0;45;;;;;02/03/2026;;3466;
;;Fazenda Estreito Ponte de Pedra;1280;08/09/2024;21/06/2026;08/09/2025;Holandês;;;;;JAIRO ALEXANDRE RODARTE E SILVA;20092734;KNIGHT;;;;;0;;;;;;;;17/10/2025;Inseminação Artificial;;CIO NATURAL;;DESCONHECIDO 0;;C;Girolando;1;;;Principal - Leite;26/11/2025;NEGATIVO;;;;;;;;;0;;0;45;;;;;;;;
;;Fazenda Estreito Ponte de Pedra;1280;08/09/2024;21/06/2026;08/09/2025;Holandês;;;;;JAIRO ALEXANDRE RODARTE E SILVA;20092734;KNIGHT;;;;;0;;;;;;;;26/11/2025;Inseminação Artificial;;CIO NATURAL;;VICTINHO;;C;Holandês;2;40;;Principal - Leite;20/01/2026;NEGATIVO;;;;;;;;;0;;0;45;;;;;;;;
;;Fazenda Estreito Ponte de Pedra;1280;08/09/2024;21/06/2026;08/09/2025;Holandês;;;;;JAIRO ALEXANDRE RODARTE E SILVA;20092734;KNIGHT;;;;;0;;;;;;;;20/01/2026;Inseminação Artificial;THIAGO ALPHA ABS;PROTOCOLO IATF;PROTOCOLO IATF D0 A D11;VICTINHO;;C;Holandês;3;55;;Principal - Leite;26/02/2026;POSITIVO;;;;;;;;;0;;0;45;;;;;;;;
;;Fazenda Estreito Ponte de Pedra;1283;15/10/2024;21/06/2026;15/10/2025;Holandês;;;;;JAIRO ALEXANDRE RODARTE E SILVA;20092734;KNIGHT;;;;;0;;;;;;;;20/01/2026;Inseminação Artificial;THIAGO ALPHA ABS;PROTOCOLO IATF;PROTOCOLO IATF D0 A D11;VICTINHO;;C;Holandês;1;;;Principal - Leite;26/02/2026;POSITIVO;;;;;;;;;0;;0;45;;;;;;;;
;;Fazenda Estreito Ponte de Pedra;1284;20/10/2024;21/06/2026;20/10/2025;Holandês;;;;;JAIRO ALEXANDRE RODARTE E SILVA;;EAGER;;;;;0;;;;;;;;20/01/2026;Inseminação Artificial;THIAGO ALPHA ABS;PROTOCOLO IATF;PROTOCOLO IATF D0 A D11;VICTINHO;;C;Holandês;1;;;Principal - Leite;26/02/2026;POSITIVO;;;;;;;;;0;;0;45;;;;;;;;
;;Fazenda Estreito Ponte de Pedra;1285;25/10/2024;21/06/2026;25/10/2025;Holandês;;;;;JAIRO ALEXANDRE RODARTE E SILVA;;EAGER;;;;;0;;;;;;;;10/03/2026;Inseminação Artificial;;PROTOCOLO IATF;PROTOCOLO IATF D0 A D11;VICTINHO;;C;Holandês;1;;;Principal - Leite;09/04/2026;POSITIVO;;;;;;;;;0;;0;45;;;;;;;;
;;Fazenda Estreito Ponte de Pedra;129;28/02/2024;30/12/2025;27/02/2025;Girolando;;;;;JAIRO NASSER QUINTILIANO DA SILVA;;;;;;;0;;;;;;;;28/05/2025;Inseminação Artificial;;PROTOCOLO IATF;;DESCONHECIDO 0;;C;Girolando;1;;;Principal - Leite;28/06/2025;POSITIVO;;;;;;;;;0;;0;45;27/03/2026;Normal;M;;27/03/2026;;4602;
;;Fazenda Estreito Ponte de Pedra;129;28/02/2024;30/12/2025;27/02/2025;Girolando;;;;;JAIRO NASSER QUINTILIANO DA SILVA;;;;;27/03/2026;Normal;1;0;NÃO;M;;;;;02/06/2026;Inseminação Artificial;LEOMIR BONFIM;PROTOCOLO IATF;PROTOCOLO IATF D0 A D11;GUINESS;;C;Holandês;1;;;Principal - Leite;23/06/2026;NEGATIVO;;;;;;;;4602;0;;0;45;;;;;27/03/2026;;4602;
;;Fazenda Estreito Ponte de Pedra;129;28/02/2024;30/12/2025;27/02/2025;Girolando;;;;;JAIRO NASSER QUINTILIANO DA SILVA;;;;;27/03/2026;Normal;1;0;NÃO;M;;;;;23/06/2026;Inseminação Artificial;LEOMIR BONFIM;CIO NATURAL;;GUINESS;;C;Holandês;2;21;;Principal - Leite;;ABERTO;;;;;;;;4602;0;;0;45;;;;;27/03/2026;;4602;
;;Fazenda Estreito Ponte de Pedra;1290;16/11/2024;21/06/2026;16/11/2025;Holandês;;;;;JAIRO ALEXANDRE RODARTE E SILVA;;EAGER;;;;;0;;;;;;;;10/03/2026;Inseminação Artificial;;PROTOCOLO IATF;PROTOCOLO IATF D0 A D11;VICTINHO;;C;Holandês;1;;;Principal - Leite;09/04/2026;POSITIVO;;;;;;;;;0;;0;45;;;;;;;;
;;Fazenda Estreito Ponte de Pedra;130;28/02/2024;30/12/2025;27/02/2025;Girolando;20/05/2026;Descarte involuntário;Venda;;JAIRO NASSER QUINTILIANO DA SILVA;;;;;;;0;;;;;;;;18/04/2025;Inseminação Artificial;;PROTOCOLO IATF;;DESCONHECIDO 0;;C;Girolando;1;;;Principal - Leite;28/06/2025;POSITIVO;;;;;;;;;0;;0;45;18/01/2026;Normal;F;;18/01/2026;20/05/2026;2658,46;
;;Fazenda Estreito Ponte de Pedra;130;28/02/2024;30/12/2025;27/02/2025;Girolando;20/05/2026;Descarte involuntário;Venda;;JAIRO NASSER QUINTILIANO DA SILVA;;;;;18/01/2026;Normal;1;0;NÃO;F;;;;3,5;26/02/2026;Inseminação Artificial;LEOMIR BONFIM;CIO NATURAL;;A.R.K. STARGAZER MES;;C;Girolando;1;;;Principal - Leite;10/04/2026;POSITIVO;;;;;;;;2658,46;0;;0;45;;;;;18/01/2026;20/05/2026;2658,46;
;;Fazenda Estreito Ponte de Pedra;131;28/02/2024;30/12/2025;27/02/2025;Girolando;;;;;JAIRO NASSER QUINTILIANO DA SILVA;;;;;;;0;;;;;;;;09/09/2025;Inseminação Artificial;;PROTOCOLO IATF;PROTOCOLO IATF D0 A D11;DESCONHECIDO 0;;C;Girolando;1;;;Principal - Leite;09/10/2025;POSITIVO;;;;;;;;;0;;0;45;19/06/2026;Normal;F;;19/06/2026;;0;
;;Fazenda Estreito Ponte de Pedra;132;28/02/2024;30/12/2025;27/02/2025;Girolando;;;;;JAIRO NASSER QUINTILIANO DA SILVA;;;;;;;0;;;;;;;;15/04/2025;Inseminação Artificial;;PROTOCOLO IATF;PROTOCOLO IATF D0 A D11;DESCONHECIDO 0;;C;Girolando;1;;;Principal - Leite;28/06/2025;POSITIVO;;;;;;;;;0;;0;45;30/01/2026;Normal;F;;30/01/2026;;4218;
;;Fazenda Estreito Ponte de Pedra;132;28/02/2024;30/12/2025;27/02/2025;Girolando;;;;;JAIRO NASSER QUINTILIANO DA SILVA;;;;;30/01/2026;Normal;1;0;NÃO;F;;;;;31/03/2026;Inseminação Artificial;LEOMIR BONFIM;PROTOCOLO IATF;PROTOCOLO IATF D0 A D11;A.R.K. STARGAZER MES;;C;Girolando;1;;;Principal - Leite;22/04/2026;NEGATIVO;;;;;;;;4218;0;;0;45;;;;;30/01/2026;;4218;
;;Fazenda Estreito Ponte de Pedra;132;28/02/2024;30/12/2025;27/02/2025;Girolando;;;;;JAIRO NASSER QUINTILIANO DA SILVA;;;;;30/01/2026;Normal;1;0;NÃO;F;;;;;22/04/2026;Inseminação Artificial;LEOMIR BONFIM;CIO NATURAL;;COORS;;C;Holandês;2;22;;Principal - Leite;21/05/2026;NEGATIVO;;;;;;;;4218;0;;0;45;;;;;30/01/2026;;4218;
;;Fazenda Estreito Ponte de Pedra;132;28/02/2024;30/12/2025;27/02/2025;Girolando;;;;;JAIRO NASSER QUINTILIANO DA SILVA;;;;;30/01/2026;Normal;1;0;NÃO;F;;;;;15/06/2026;Cobertura;;CIO NATURAL;;SEVAVERDE;;;Holandês;3;54;;Principal - Leite;;ABERTO;;;;;;;;4218;0;;0;45;;;;;30/01/2026;;4218;
;;Fazenda Estreito Ponte de Pedra;14;01/09/2024;27/04/2026;01/09/2025;Girolando;;;;;JAIRO NASSER QUINTILIANO DA SILVA;;;;;;;0;;;;;;;;01/01/2026;Cobertura;;PROTOCOLO IATF;PROTOCOLO IATF D0 A D11;N. INF;;;Girolando;1;;;Principal - Leite;29/04/2026;POSITIVO;;;;;;;;;0;;0;45;;;;;;;;
;;Fazenda Estreito Ponte de Pedra;145;12/12/2021;12/12/2021;12/12/2022;Holandês;;;;;;;;;;;;0;;;;;;;;23/11/2024;Cobertura;;CIO NATURAL;;N. INF;;;Holandês;1;;;Principal - Leite;21/12/2024;POSITIVO;;;;;;;;;0;;0;45;02/09/2025;Normal;M;;02/09/2025;;7076;
;;Fazenda Estreito Ponte de Pedra;145;12/12/2021;12/12/2021;12/12/2022;Holandês;;;;;;;;;;02/09/2025;Normal;1;0;NÃO;M;;;;;17/10/2025;Inseminação Artificial;;CIO NATURAL;;TOURO;;C;Girolando;1;;;Principal - Leite;16/12/2025;NEGATIVO;;;;;;;;7076;0;;0;45;;;;;02/09/2025;;7076;
;;Fazenda Estreito Ponte de Pedra;145;12/12/2021;12/12/2021;12/12/2022;Holandês;;;;;;;;;;02/09/2025;Normal;1;0;NÃO;M;;;;;16/12/2025;Inseminação Artificial;LEOMIR BONFIM;CIO NATURAL;;A.R.K. STARGAZER MES;;C;Girolando;2;60;;Principal - Leite;15/01/2026;POSITIVO;;;;352;;;;7076;0;;0;45;;;;;02/09/2025;;7076;
;;Fazenda Estreito Ponte de Pedra;146;28/02/2024;30/12/2025;27/02/2025;Girolando;;;;;JAIRO NASSER QUINTILIANO DA SILVA;;;;;;;0;;;;;;;;28/05/2025;Inseminação Artificial;;PROTOCOLO IATF;;DESCONHECIDO 0;;C;Girolando;1;;;Principal - Leite;28/06/2025;POSITIVO;;;;;;;;;0;;0;45;24/03/2026;Normal;F;;24/03/2026;;3944;
;;Fazenda Estreito Ponte de Pedra;146;28/02/2024;30/12/2025;27/02/2025;Girolando;;;;;JAIRO NASSER QUINTILIANO DA SILVA;;;;;24/03/2026;Normal;1;0;NÃO;F;;;;;28/04/2026;Inseminação Artificial;LEOMIR BONFIM;CIO NATURAL;;COORS;;C;Holandês;1;;;Principal - Leite;19/05/2026;NEGATIVO;;;;;;;;3944;0;;0;45;;;;;24/03/2026;;3944;
;;Fazenda Estreito Ponte de Pedra;146;28/02/2024;30/12/2025;27/02/2025;Girolando;;;;;JAIRO NASSER QUINTILIANO DA SILVA;;;;;24/03/2026;Normal;1;0;NÃO;F;;;;;19/05/2026;Inseminação Artificial;LEOMIR BONFIM;CIO NATURAL;;COORS;;C;Holandês;2;21;;Principal - Leite;01/07/2026;NEGATIVO;;;;;;;;3944;0;;0;45;;;;;24/03/2026;;3944;
;;Fazenda Estreito Ponte de Pedra;146;28/02/2024;30/12/2025;27/02/2025;Girolando;;;;;JAIRO NASSER QUINTILIANO DA SILVA;;;;;24/03/2026;Normal;1;0;NÃO;F;;;;;01/07/2026;Inseminação Artificial;LEOMIR BONFIM;CIO NATURAL;;GUINESS;;C;Holandês;3;43;;Principal - Leite;;ABERTO;;;;;;;;3944;0;;0;45;;;;;24/03/2026;;3944;
;;Fazenda Estreito Ponte de Pedra;147;28/02/2024;30/12/2025;27/02/2025;Girolando;06/06/2026;Morte;Intoxicação com plantas tóxicas;;JAIRO NASSER QUINTILIANO DA SILVA;;;;;;;0;;;;;;;;16/07/2025;Inseminação Artificial;;CIO NATURAL;;DESCONHECIDO 0;;C;Girolando;1;;;Principal - Leite;16/08/2025;POSITIVO;;;;;;;;;0;;0;45;25/04/2026;Normal;M;;25/04/2026;06/06/2026;792,664;
;;Fazenda Estreito Ponte de Pedra;148;28/02/2024;30/12/2025;27/02/2025;Girolando;;;;;JAIRO NASSER QUINTILIANO DA SILVA;;;;;;;0;;;;;;;;15/04/2025;Inseminação Artificial;;PROTOCOLO IATF;PROTOCOLO IATF D0 A D11;DESCONHECIDO 0;;C;Girolando;1;;;Principal - Leite;28/06/2025;POSITIVO;;;;;;;;;0;;0;45;25/01/2026;Normal;M;;25/01/2026;;6487;
;;Fazenda Estreito Ponte de Pedra;148;28/02/2024;30/12/2025;27/02/2025;Girolando;;;;;JAIRO NASSER QUINTILIANO DA SILVA;;;;;25/01/2026;Normal;1;0;NÃO;M;;;;;31/03/2026;Inseminação Artificial;LEOMIR BONFIM;PROTOCOLO IATF;PROTOCOLO IATF D0 A D11;A.R.K. STARGAZER MES;;C;Girolando;1;;;Principal - Leite;29/04/2026;POSITIVO;;;;;;;;6487;0;;0;45;;;;;25/01/2026;;6487;
;;Fazenda Estreito Ponte de Pedra;149;28/02/2024;30/12/2025;27/02/2025;Girolando;;;;;JAIRO NASSER QUINTILIANO DA SILVA;;;;;;;0;;;;;;;;03/04/2025;Inseminação Artificial;;PROTOCOLO IATF;;DESCONHECIDO 0;;C;Girolando;1;;;Principal - Leite;28/06/2025;POSITIVO;;;;;;;;;0;;0;45;11/01/2026;Normal;M;;11/01/2026;;5501;
;;Fazenda Estreito Ponte de Pedra;149;28/02/2024;30/12/2025;27/02/2025;Girolando;;;;;JAIRO NASSER QUINTILIANO DA SILVA;;;;;11/01/2026;Normal;1;0;NÃO;M;;;;;09/03/2026;Inseminação Artificial;LEOMIR BONFIM;PROTOCOLO IATF;PROTOCOLO IATF D0 A D11;A.R.K. STARGAZER MES;;C;Girolando;1;;;Principal - Leite;10/04/2026;POSITIVO;;;;;;;;5501;0;;0;45;;;;;11/01/2026;;5501;
;;Fazenda Estreito Ponte de Pedra;150;28/02/2024;30/12/2025;27/02/2025;Girolando;;;;;JAIRO NASSER QUINTILIANO DA SILVA;;;;;;;0;;;;;;;;28/05/2025;Inseminação Artificial;;PROTOCOLO IATF;;DESCONHECIDO 0;;C;Girolando;1;;;Principal - Leite;28/06/2025;POSITIVO;;;;;;;;;0;;0;45;11/03/2026;Normal;F;;11/03/2026;;5828;
;;Fazenda Estreito Ponte de Pedra;150;28/02/2024;30/12/2025;27/02/2025;Girolando;;;;;JAIRO NASSER QUINTILIANO DA SILVA;;;;;11/03/2026;Normal;1;0;NÃO;F;;;;;15/04/2026;Inseminação Artificial;LEOMIR BONFIM;CIO NATURAL;;COORS;;C;Holandês;1;;;Principal - Leite;22/05/2026;NEGATIVO;;;;;;;;5828;0;;0;45;;;;;11/03/2026;;5828;
;;Fazenda Estreito Ponte de Pedra;150;28/02/2024;30/12/2025;27/02/2025;Girolando;;;;;JAIRO NASSER QUINTILIANO DA SILVA;;;;;11/03/2026;Normal;1;0;NÃO;F;;;;;02/06/2026;Inseminação Artificial;LEOMIR BONFIM;PROTOCOLO IATF;PROTOCOLO IATF D0 A D11;GUINESS;;C;Holandês;2;48;;Principal - Leite;27/06/2026;NEGATIVO;;;;;;;;5828;0;;0;45;;;;;11/03/2026;;5828;
;;Fazenda Estreito Ponte de Pedra;150;28/02/2024;30/12/2025;27/02/2025;Girolando;;;;;JAIRO NASSER QUINTILIANO DA SILVA;;;;;11/03/2026;Normal;1;0;NÃO;F;;;;;27/06/2026;Inseminação Artificial;LEOMIR BONFIM;CIO NATURAL;;GUINESS;;C;Holandês;3;25;;Principal - Leite;;ABERTO;;;;;;;;5828;0;;0;45;;;;;11/03/2026;;5828;
;;Fazenda Estreito Ponte de Pedra;151;21/01/2022;21/01/2022;21/01/2023;Holandês;;;;;;;JITTERS;;;;;0;;;;;;;;14/11/2024;Cobertura;;CIO NATURAL;;N. INF;;;Holandês;1;;;Principal - Leite;12/12/2024;POSITIVO;;;;;;;;;0;;0;45;24/08/2025;Normal;M;;24/08/2025;;8052;
;;Fazenda Estreito Ponte de Pedra;151;21/01/2022;21/01/2022;21/01/2023;Holandês;;;;;;;JITTERS;;;24/08/2025;Normal;1;0;NÃO;M;;;;;06/11/2025;Inseminação Artificial;THIAGO ALPHA ABS;CIO NATURAL;;TOURO;;C;Girolando;1;;;Principal - Leite;18/12/2025;NEGATIVO;;;;;;;;8052;0;;0;45;;;;;24/08/2025;;8052;
;;Fazenda Estreito Ponte de Pedra;151;21/01/2022;21/01/2022;21/01/2023;Holandês;;;;;;;JITTERS;;;24/08/2025;Normal;1;0;NÃO;M;;;;;29/12/2025;Inseminação Artificial;LEOMIR BONFIM;PROTOCOLO IATF;PROTOCOLO IATF D0 A D11;A.R.K. STARGAZER MES;;C;Girolando;2;53;;Principal - Leite;05/02/2026;POSITIVO;;;;352;;;;8052;0;;0;45;;;;;24/08/2025;;8052;
;;Fazenda Estreito Ponte de Pedra;16;27/02/2025;27/04/2026;27/02/2026;Girolando;;;;;JAIRO NASSER QUINTILIANO DA SILVA;;;;;;;0;;;;;;;;10/05/2026;Inseminação Artificial;LEOMIR BONFIM;PROTOCOLO IATF;PROTOCOLO IATF D0 A D11;COORS;;C;Holandês;1;;;Principal - Leite;12/06/2026;POSITIVO;;;;;;;;;0;;0;45;;;;;;;;
;;Fazenda Estreito Ponte de Pedra;17;05/11/2024;27/04/2026;05/11/2025;Girolando;;;;;JAIRO NASSER QUINTILIANO DA SILVA;;;;;;;0;;;;;;;;05/03/2026;Cobertura;;PROTOCOLO IATF;PROTOCOLO IATF D0 A D11;N. INF;;;Girolando;1;;;Principal - Leite;29/04/2026;POSITIVO;22/05/2026;DIAGNÓSTICO;;;;;;;0;;0;45;;;;;;;;
;;Fazenda Estreito Ponte de Pedra;17;05/11/2024;27/04/2026;05/11/2025;Girolando;;;;;JAIRO NASSER QUINTILIANO DA SILVA;;;;;;;0;;;;;;;;02/06/2026;Inseminação Artificial;LEOMIR BONFIM;PROTOCOLO IATF;PROTOCOLO IATF D0 A D11;GUINESS;;C;Holandês;2;89;;Principal - Leite;23/06/2026;NEGATIVO;;;;;;;;;0;;0;45;;;;;;;;
;;Fazenda Estreito Ponte de Pedra;17;05/11/2024;27/04/2026;05/11/2025;Girolando;;;;;JAIRO NASSER QUINTILIANO DA SILVA;;;;;;;0;;;;;;;;23/06/2026;Inseminação Artificial;LEOMIR BONFIM;CIO NATURAL;;HAGEN;;S;Holandês;3;21;;Principal - Leite;;ABERTO;;;;;;;;;0;;0;45;;;;;;;;
;;Fazenda Estreito Ponte de Pedra;18;18/06/2024;27/04/2026;18/06/2025;Girolando;;;;;JAIRO NASSER QUINTILIANO DA SILVA;;;;;;;0;;;;;;;;18/10/2025;Cobertura;;CIO NATURAL;;N. INF;;;Girolando;1;;;Principal - Leite;29/04/2026;POSITIVO;;;;;;;;;0;;0;45;;;;;;;;
;;Fazenda Estreito Ponte de Pedra;20;02/12/2024;27/04/2026;02/12/2025;Girolando;;;;;JAIRO NASSER QUINTILIANO DA SILVA;;;;;;;0;;;;;;;;02/04/2026;Cobertura;;PROTOCOLO IATF;PROTOCOLO IATF D0 A D11;N. INF;;;Girolando;1;;;Principal - Leite;29/04/2026;NEGATIVO;;;;;;;;;0;;0;45;;;;;;;;
;;Fazenda Estreito Ponte de Pedra;20;02/12/2024;27/04/2026;02/12/2025;Girolando;;;;;JAIRO NASSER QUINTILIANO DA SILVA;;;;;;;0;;;;;;;;10/05/2026;Cobertura;;PROTOCOLO IATF;PROTOCOLO IATF D0 A D11;FREDERICO;;;Nelore;2;38;;Principal - Leite;12/06/2026;POSITIVO;;;;;;;;;0;;0;45;;;;;;;;
;;Fazenda Estreito Ponte de Pedra;206;09/08/2023;09/08/2023;08/08/2024;Girolando;;;;;;;VALENTE;;;;;0;;;;;;;;09/11/2024;Inseminação Artificial;THIAGO ALPHA ABS;CIO NATURAL;;TOURO;;C;Girolando;1;;;Principal - Leite;09/12/2024;NEGATIVO;;;;;;;;;0;;0;45;;;;;04/11/2025;;5883;
;;Fazenda Estreito Ponte de Pedra;206;09/08/2023;09/08/2023;08/08/2024;Girolando;;;;;;;VALENTE;;;;;0;;;;;;;;25/01/2025;Inseminação Artificial;THIAGO ALPHA ABS;CIO NATURAL;;TOURO;;C;Girolando;2;77;;Principal - Leite;02/03/2025;POSITIVO;;;;;;;;;0;;0;45;04/11/2025;Normal;;;04/11/2025;;5883;
;;Fazenda Estreito Ponte de Pedra;206;09/08/2023;09/08/2023;08/08/2024;Girolando;;;;;;;VALENTE;;;04/11/2025;Normal;1;0;;;;;;;16/12/2025;Inseminação Artificial;LEOMIR BONFIM;CIO NATURAL;;A.R.K. STARGAZER MES;;C;Girolando;1;;;Principal - Leite;15/01/2026;NEGATIVO;;;;352;;;;5883;0;;0;45;;;;;04/11/2025;;5883;
;;Fazenda Estreito Ponte de Pedra;206;09/08/2023;09/08/2023;08/08/2024;Girolando;;;;;;;VALENTE;;;04/11/2025;Normal;1;0;;;;;;;26/01/2026;Inseminação Artificial;LEOMIR BONFIM;PROTOCOLO IATF;PROTOCOLO IATF D0 A D11;A.R.K. STARGAZER MES;;C;Girolando;2;41;;Principal - Leite;26/02/2026;POSITIVO;;;;352;;;;5883;0;;0;45;;;;;04/11/2025;;5883;
;;Fazenda Estreito Ponte de Pedra;2063;09/12/2024;27/04/2026;09/12/2025;Girolando;;;;;JAIRO NASSER QUINTILIANO DA SILVA;;;;;;;0;;;;;;;;30/04/2026;Inseminação Artificial;;CIO NATURAL;;COORS;;C;Holandês;1;;;Principal - Leite;12/06/2026;POSITIVO;;;;;;;;;0;;0;45;;;;;;;;
;;Fazenda Estreito Ponte de Pedra;2074;11/06/2024;27/04/2026;11/06/2025;Girolando;;;;;JAIRO NASSER QUINTILIANO DA SILVA;;;;;;;0;;;;;;;;11/10/2025;Cobertura;;PROTOCOLO IATF;PROTOCOLO IATF D0 A D11;N. INF;;;Girolando;1;;;Principal - Leite;29/04/2026;POSITIVO;;;;;;;;;0;;0;45;;;;;;;;
;;Fazenda Estreito Ponte de Pedra;208;02/10/2023;02/10/2023;01/10/2024;Holandês;;;;;;;;;;;;0;;;;;;;;25/01/2025;Inseminação Artificial;THIAGO ALPHA ABS;CIO NATURAL;;TOURO;;C;Girolando;1;;;Principal - Leite;25/02/2025;NEGATIVO;;;;;;;;;0;;0;45;;;;;13/12/2025;;6215;
;;Fazenda Estreito Ponte de Pedra;208;02/10/2023;02/10/2023;01/10/2024;Holandês;;;;;;;;;;;;0;;;;;;;;13/03/2025;Inseminação Artificial;THIAGO ALPHA ABS;CIO NATURAL;;TOURO;;C;Girolando;2;47;;Principal - Leite;23/04/2025;POSITIVO;;;;;;;;;0;;0;45;13/12/2025;Auxiliado;F;;13/12/2025;;6215;
;;Fazenda Estreito Ponte de Pedra;208;02/10/2023;02/10/2023;01/10/2024;Holandês;;;;;;;;;;13/12/2025;Auxiliado;1;0;NÃO;F;;;;;16/02/2026;Inseminação Artificial;LEOMIR BONFIM;PROTOCOLO IATF;PROTOCOLO IATF D0 A D11;A.R.K. STARGAZER MES;;C;Girolando;1;;;Principal - Leite;20/03/2026;NEGATIVO;;;352;;;;;6215;0;;0;45;;;;;13/12/2025;;6215;
;;Fazenda Estreito Ponte de Pedra;208;02/10/2023;02/10/2023;01/10/2024;Holandês;;;;;;;;;;13/12/2025;Auxiliado;1;0;NÃO;F;;;;;31/03/2026;Inseminação Artificial;LEOMIR BONFIM;PROTOCOLO IATF;PROTOCOLO IATF D0 A D11;COORS;;C;Holandês;2;43;;Principal - Leite;29/04/2026;NEGATIVO;;;352;;;;;6215;0;;0;45;;;;;13/12/2025;;6215;
;;Fazenda Estreito Ponte de Pedra;208;02/10/2023;02/10/2023;01/10/2024;Holandês;;;;;;;;;;13/12/2025;Auxiliado;1;0;NÃO;F;;;;;10/05/2026;Inseminação Artificial;LEOMIR BONFIM;PROTOCOLO IATF;PROTOCOLO IATF D0 A D11;COORS;;C;Holandês;3;40;;Principal - Leite;12/06/2026;NEGATIVO;;;352;;;;;6215;0;;0;45;;;;;13/12/2025;;6215;
;;Fazenda Estreito Ponte de Pedra;208;02/10/2023;02/10/2023;01/10/2024;Holandês;;;;;;;;;;13/12/2025;Auxiliado;1;0;NÃO;F;;;;;23/06/2026;Cobertura;;PROTOCOLO IATF;PROTOCOLO IATF D0 A D11;SEVAVERDE;;;Holandês;4;44;;Principal - Leite;;ABERTO;;;352;;;;;6215;0;;0;45;;;;;13/12/2025;;6215;
;;Fazenda Estreito Ponte de Pedra;215;12/02/2024;12/02/2024;11/02/2025;Holandês;;;;;;;;;;;;0;;;;;;;;26/03/2025;Inseminação Artificial;THIAGO ALPHA ABS;CIO NATURAL;;TOURO;;C;Girolando;1;;;Principal - Leite;23/04/2025;POSITIVO;;;;;;;;;0;;0;45;31/12/2025;Normal;F;;31/12/2025;;6496;
;;Fazenda Estreito Ponte de Pedra;215;12/02/2024;12/02/2024;11/02/2025;Holandês;;;;;;;;;;31/12/2025;Normal;1;0;NÃO;F;;;;;26/02/2026;Inseminação Artificial;LEOMIR BONFIM;CIO NATURAL;;A.R.K. STARGAZER MES;;C;Girolando;1;;;Principal - Leite;10/04/2026;POSITIVO;;;;;;;;6496;0;;0;45;;;;;31/12/2025;;6496;
;;Fazenda Estreito Ponte de Pedra;2213;07/10/2024;27/04/2026;07/10/2025;Girolando;;;;;JAIRO NASSER QUINTILIANO DA SILVA;;;;;;;0;;;;;;;;07/02/2026;Cobertura;;PROTOCOLO IATF;PROTOCOLO IATF D0 A D11;N. INF;;;Girolando;1;;;Principal - Leite;29/04/2026;POSITIVO;;;;;;;;;0;;0;45;;;;;;;;
;;Fazenda Estreito Ponte de Pedra;2230;19/09/2024;27/04/2026;19/09/2025;Girolando;;;;;JAIRO NASSER QUINTILIANO DA SILVA;;;;;;;0;;;;;;;;19/01/2026;Cobertura;;PROTOCOLO IATF;PROTOCOLO IATF D0 A D11;N. INF;;;Girolando;1;;;Principal - Leite;29/04/2026;POSITIVO;;;;;;;;;0;;0;45;;;;;;;;
;;Fazenda Estreito Ponte de Pedra;2231;29/09/2024;27/04/2026;29/09/2025;Girolando;;;;;JAIRO NASSER QUINTILIANO DA SILVA;;;;;;;0;;;;;;;;29/01/2026;Cobertura;;PROTOCOLO IATF;PROTOCOLO IATF D0 A D11;N. INF;;;Girolando;1;;;Principal - Leite;29/04/2026;POSITIVO;;;;;;;;;0;;0;45;;;;;;;;
;;Fazenda Estreito Ponte de Pedra;2246;09/12/2024;27/04/2026;09/12/2025;Girolando;;;;;JAIRO NASSER QUINTILIANO DA SILVA;;;;;;;0;;;;;;;;28/04/2026;Inseminação Artificial;LEOMIR BONFIM;CIO NATURAL;;COORS;;C;Holandês;1;;;Principal - Leite;12/06/2026;POSITIVO;;;;;;;;;0;;0;45;;;;;;;;
;;Fazenda Estreito Ponte de Pedra;2341;27/02/2025;27/04/2026;27/02/2026;Girolando;;;;;JAIRO NASSER QUINTILIANO DA SILVA;;;;;;;0;;;;;;;;02/05/2026;Inseminação Artificial;LEOMIR BONFIM;PROTOCOLO IATF;PROTOCOLO IATF D0 A D11;COORS;;C;Holandês;1;;;Principal - Leite;12/06/2026;NEGATIVO;;;;;;;;;0;;0;45;;;;;;;;
;;Fazenda Estreito Ponte de Pedra;2341;27/02/2025;27/04/2026;27/02/2026;Girolando;;;;;JAIRO NASSER QUINTILIANO DA SILVA;;;;;;;0;;;;;;;;23/06/2026;Inseminação Artificial;LEOMIR BONFIM;PROTOCOLO IATF;PROTOCOLO IATF D0 A D11;HAGEN;;S;Holandês;2;52;;Principal - Leite;;ABERTO;;;;;;;;;0;;0;45;;;;;;;;
;;Fazenda Estreito Ponte de Pedra;2344;26/05/2024;27/04/2026;26/05/2025;Girolando;;;;;JAIRO NASSER QUINTILIANO DA SILVA;;;;;;;0;;;;;;;;26/09/2025;Cobertura;;PROTOCOLO IATF;PROTOCOLO IATF D0 A D11;N. INF;;;Girolando;1;;;Principal - Leite;29/04/2026;POSITIVO;;;;;;;;;0;;0;45;30/06/2026;Normal;M;;30/06/2026;;0;
;;Fazenda Estreito Ponte de Pedra;2345;22/11/2024;27/04/2026;22/11/2025;Girolando;;;;;JAIRO NASSER QUINTILIANO DA SILVA;;;;;;;0;;;;;;;;22/03/2026;Cobertura;;PROTOCOLO IATF;PROTOCOLO IATF D0 A D11;N. INF;;;Girolando;1;;;Principal - Leite;29/04/2026;POSITIVO;;;;;;;;;0;;0;45;;;;;;;;
;;Fazenda Estreito Ponte de Pedra;2346;27/02/2025;27/04/2026;27/02/2026;Girolando;;;;;JAIRO NASSER QUINTILIANO DA SILVA;;;;;;;0;;;;;;;;02/05/2026;Inseminação Artificial;LEOMIR BONFIM;PROTOCOLO IATF;PROTOCOLO IATF D0 A D11;COORS;;C;Holandês;1;;;Principal - Leite;12/06/2026;POSITIVO;;;;;;;;;0;;0;45;;;;;;;;
;;Fazenda Estreito Ponte de Pedra;2347;27/02/2025;27/04/2026;27/02/2026;Girolando;;;;;JAIRO NASSER QUINTILIANO DA SILVA;;;;;;;0;;;;;;;;02/05/2026;Inseminação Artificial;LEOMIR BONFIM;PROTOCOLO IATF;PROTOCOLO IATF D0 A D11;COORS;;C;Holandês;1;;;Principal - Leite;12/06/2026;POSITIVO;;;;;;;;;0;;0;45;;;;;;;;
;;Fazenda Estreito Ponte de Pedra;2348;26/06/2024;27/04/2026;26/06/2025;Girolando;;;;;JAIRO NASSER QUINTILIANO DA SILVA;;;;;;;0;;;;;;;;26/10/2025;Cobertura;;PROTOCOLO IATF;PROTOCOLO IATF D0 A D11;N. INF;;;Girolando;1;;;Principal - Leite;29/04/2026;POSITIVO;;;;;;;;;0;;0;45;22/06/2026;Normal;F;;22/06/2026;;0;
;;Fazenda Estreito Ponte de Pedra;2349;20/06/2024;27/04/2026;20/07/2025;Girolando;;;;;JAIRO NASSER QUINTILIANO DA SILVA;;;;;;;0;;;;;;;;24/07/2025;Cobertura;;PROTOCOLO IATF;PROTOCOLO IATF D0 A D11;N. INF;;;Girolando;1;;;Principal - Leite;24/08/2025;POSITIVO;;;;;;;;;0;;0;45;02/05/2026;Natimorto;F;;02/05/2026;;3243;
;;Fazenda Estreito Ponte de Pedra;2349;20/06/2024;27/04/2026;20/07/2025;Girolando;;;;;JAIRO NASSER QUINTILIANO DA SILVA;;;;;02/05/2026;Natimorto;1;0;NÃO;F;;;;;12/06/2026;Inseminação Artificial;LEOMIR BONFIM;CIO NATURAL;;GUINESS;;C;Holandês;1;;;Principal - Leite;;ABERTO;;;;;;;;3243;0;;0;45;;;;;02/05/2026;;3243;
;;Fazenda Estreito Ponte de Pedra;282-A;24/05/2018;24/05/2018;24/05/2019;Holandês;24/02/2026;Morte;Casco;;;;;;;;;0;;;;;;;;21/11/2023;Inseminação Artificial;THIAGO ALPHA ABS;CIO NATURAL;;TOURO;;C;Girolando;1;;;Principal - Leite;11/01/2024;POSITIVO;;;;;;;;;0;;0;45;24/08/2024;Normal;;;24/08/2024;01/10/2025;9820;
;;Fazenda Estreito Ponte de Pedra;282-A;24/05/2018;24/05/2018;24/05/2019;Holandês;24/02/2026;Morte;Casco;;;;;;;24/08/2024;Normal;1;0;;;;;;;18/11/2024;Inseminação Artificial;JORBESON NUNES;CIO NATURAL;;ROBO;;C;Girolando;1;;;Principal - Leite;19/12/2024;POSITIVO;10/02/2025;DIAGNÓSTICO;;;;;;11937,2;0;;0;45;;;;;24/08/2024;01/10/2025;9820;
;;Fazenda Estreito Ponte de Pedra;282-A;24/05/2018;24/05/2018;24/05/2019;Holandês;24/02/2026;Morte;Casco;;;;;;;24/08/2024;Normal;1;0;;;;;;;23/02/2025;Inseminação Artificial;JORBESON NUNES;CIO NATURAL;;-53431;;C;Girolando;2;97;;Principal - Leite;27/03/2025;POSITIVO;;;;;;;;11937,2;0;;0;45;24/11/2025;Normal;;;24/08/2024;01/10/2025;9820;
;;Fazenda Estreito Ponte de Pedra;3335;01/08/2024;22/06/2026;01/08/2025;Girolando;;;;;HELIO RODARTE E SILVA;;;;;;;0;;;;;;;;03/11/2025;Inseminação Artificial;;CIO NATURAL;;DESCONHECIDO 0;;C;Girolando;1;;;Principal - Leite;23/12/2025;POSITIVO;;;;;;;;;0;;0;45;;;;;;;;
;;Fazenda Estreito Ponte de Pedra;368-A;02/01/2019;02/01/2019;02/01/2020;Holandês;19/12/2025;Morte;Desconhecida/Indefinida;;;;;;;;;0;;;;;;;;30/08/2024;Inseminação Artificial;JORBESON NUNES;CIO NATURAL;;ROBO;;C;Girolando;1;;;Principal - Leite;07/11/2024;NEGATIVO;;;;;;;;;0;;0;45;;;;;;;;
;;Fazenda Estreito Ponte de Pedra;368-A;02/01/2019;02/01/2019;02/01/2020;Holandês;19/12/2025;Morte;Desconhecida/Indefinida;;;;;;;;;0;;;;;;;;18/11/2024;Inseminação Artificial;JORBESON NUNES;CIO NATURAL;;ROBO;;C;Girolando;2;80;;Principal - Leite;19/12/2024;POSITIVO;10/02/2025;DIAGNÓSTICO;;;;;;;0;;0;45;;;;;;;;
;;Fazenda Estreito Ponte de Pedra;368-A;02/01/2019;02/01/2019;02/01/2020;Holandês;19/12/2025;Morte;Desconhecida/Indefinida;;;;;;;;;0;;;;;;;;23/02/2025;Inseminação Artificial;JORBESON NUNES;CIO NATURAL;;-53431;;C;Girolando;3;97;;Principal - Leite;27/03/2025;POSITIVO;19/08/2025;INSEMINAÇÃO;;;;;;;0;;0;45;;;;;;;;
;;Fazenda Estreito Ponte de Pedra;368-A;02/01/2019;02/01/2019;02/01/2020;Holandês;19/12/2025;Morte;Desconhecida/Indefinida;;;;;;;;;0;;;;;;;;19/08/2025;Inseminação Artificial;LEOMIR BONFIM;CIO NATURAL;;-867;;C;Girolando;4;177;;Principal - Leite;23/09/2025;POSITIVO;;;;;;;;;0;;0;45;;;;;;;;
;;Fazenda Estreito Ponte de Pedra;400 MACACA;01/01/2018;01/01/2018;01/01/2019;Girolando;04/12/2025;Morte;Outras;;;;;;;;;0;;;;;;;;29/04/2023;Inseminação Artificial;JORBESON NUNES;CIO NATURAL;;NABIL;;C;Girolando;1;;;Principal - Leite;01/06/2023;NEGATIVO;;;;;;;;;0;;0;45;;;;;28/08/2025;;0;
;;Fazenda Estreito Ponte de Pedra;400 MACACA;01/01/2018;01/01/2018;01/01/2019;Girolando;04/12/2025;Morte;Outras;;;;;;;;;0;;;;;;;;12/06/2023;Inseminação Artificial;THIAGO ALPHA ABS;CIO NATURAL;;CAMPEAO FIV RIO DO L;;C;Girolando;2;44;;Principal - Leite;18/07/2023;NEGATIVO;;;;;;;;;0;;0;45;;;;;28/08/2025;;0;
;;Fazenda Estreito Ponte de Pedra;400 MACACA;01/01/2018;01/01/2018;01/01/2019;Girolando;04/12/2025;Morte;Outras;;;;;;;;;0;;;;;;;;29/07/2023;Inseminação Artificial;JORBESON NUNES;CIO NATURAL;;NABIL;;C;Girolando;3;47;;Principal - Leite;28/09/2023;NEGATIVO;;;;;;;;;0;;0;45;;;;;28/08/2025;;0;
;;Fazenda Estreito Ponte de Pedra;400 MACACA;01/01/2018;01/01/2018;01/01/2019;Girolando;04/12/2025;Morte;Outras;;;;;;;;;0;;;;;;;;09/10/2023;Inseminação Artificial;JORBESON NUNES;CIO NATURAL;;METEORO;;C;Girolando;4;72;;Principal - Leite;07/11/2023;NEGATIVO;;;;;;;;;0;;0;45;;;;;28/08/2025;;0;
;;Fazenda Estreito Ponte de Pedra;400 MACACA;01/01/2018;01/01/2018;01/01/2019;Girolando;04/12/2025;Morte;Outras;;;;;;;;;0;;;;;;;;08/11/2023;Inseminação Artificial;JORBESON NUNES;CIO NATURAL;;ROBO;;C;Girolando;5;30;;Principal - Leite;11/12/2023;POSITIVO;27/05/2024;INSEMINAÇÃO;;;;;;;0;;0;45;;;;;28/08/2025;;0;
;;Fazenda Estreito Ponte de Pedra;400 MACACA;01/01/2018;01/01/2018;01/01/2019;Girolando;04/12/2025;Morte;Outras;;;;;;;;;0;;;;;;;;27/05/2024;Inseminação Artificial;JORBESON NUNES;CIO NATURAL;;ROBO;;C;Girolando;6;201;;Principal - Leite;27/06/2024;NEGATIVO;;;;;;;;;0;;0;45;;;;;28/08/2025;;0;
;;Fazenda Estreito Ponte de Pedra;400 MACACA;01/01/2018;01/01/2018;01/01/2019;Girolando;04/12/2025;Morte;Outras;;;;;;;;;0;;;;;;;;08/07/2024;Inseminação Artificial;JORBESON NUNES;CIO NATURAL;;ROBO;;C;Girolando;7;42;;Principal - Leite;08/08/2024;NEGATIVO;;;;;;;;;0;;0;45;;;;;28/08/2025;;0;
;;Fazenda Estreito Ponte de Pedra;400 MACACA;01/01/2018;01/01/2018;01/01/2019;Girolando;04/12/2025;Morte;Outras;;;;;;;;;0;;;;;;;;19/08/2024;Inseminação Artificial;JORBESON NUNES;CIO NATURAL;;ROBO;;C;Girolando;8;42;;Principal - Leite;06/09/2024;NEGATIVO;;;;;;;;;0;;0;45;;;;;28/08/2025;;0;
;;Fazenda Estreito Ponte de Pedra;400 MACACA;01/01/2018;01/01/2018;01/01/2019;Girolando;04/12/2025;Morte;Outras;;;;;;;;;0;;;;;;;;08/09/2024;Inseminação Artificial;JORBESON NUNES;CIO NATURAL;;ROBO;;C;Girolando;9;20;;Principal - Leite;07/11/2024;NEGATIVO;;;;;;;;;0;;0;45;;;;;28/08/2025;;0;
;;Fazenda Estreito Ponte de Pedra;400 MACACA;01/01/2018;01/01/2018;01/01/2019;Girolando;04/12/2025;Morte;Outras;;;;;;;;;0;;;;;;;;18/11/2024;Inseminação Artificial;JORBESON NUNES;CIO NATURAL;;ROBO;;C;Girolando;10;71;;Principal - Leite;19/12/2024;POSITIVO;;;;;;;;;0;;0;45;28/08/2025;Normal;;;28/08/2025;;0;
;;Fazenda Estreito Ponte de Pedra;401;01/01/2018;01/01/2018;01/01/2019;Girolando;04/12/2025;Morte;Neosporose;;;;;;;;;0;;;;;;;;29/04/2023;Inseminação Artificial;JORBESON NUNES;CIO NATURAL;;NABIL;;C;Girolando;1;;;Principal - Leite;;ABERTO;;;;;;;;;0;;0;45;;;;;;;;
;;Fazenda Estreito Ponte de Pedra;401 MERYLU;01/01/2018;01/01/2018;01/01/2019;Girolando;04/12/2025;Morte;Outras;;;;;;;;;0;;;;;;;;29/04/2023;Inseminação Artificial;JORBESON NUNES;CIO NATURAL;;NABIL;;C;Girolando;1;;;Principal - Leite;01/06/2023;NEGATIVO;;;;;;;;;0;;0;45;;;;;27/03/2024;09/03/2025;5144;
;;Fazenda Estreito Ponte de Pedra;401 MERYLU;01/01/2018;01/01/2018;01/01/2019;Girolando;04/12/2025;Morte;Outras;;;;;;;;;0;;;;;;;;12/06/2023;Inseminação Artificial;THIAGO ALPHA ABS;CIO NATURAL;;CAMPEAO FIV RIO DO L;;C;Girolando;2;44;;Principal - Leite;18/07/2023;POSITIVO;;;;;;;;;0;;0;45;27/03/2024;Normal;;;27/03/2024;09/03/2025;5144;
;;Fazenda Estreito Ponte de Pedra;401 MERYLU;01/01/2018;01/01/2018;01/01/2019;Girolando;04/12/2025;Morte;Outras;;;;;;;27/03/2024;Normal;1;0;;;;;;;27/05/2024;Inseminação Artificial;JORBESON NUNES;CIO NATURAL;;ROBO;;C;Girolando;1;;;Principal - Leite;27/06/2024;NEGATIVO;;;;;;;;5721,799;0;;0;45;;;;;27/03/2024;09/03/2025;5144;
;;Fazenda Estreito Ponte de Pedra;401 MERYLU;01/01/2018;01/01/2018;01/01/2019;Girolando;04/12/2025;Morte;Outras;;;;;;;27/03/2024;Normal;1;0;;;;;;;08/07/2024;Inseminação Artificial;JORBESON NUNES;CIO NATURAL;;ROBO;;C;Girolando;2;42;;Principal - Leite;08/08/2024;NEGATIVO;;;;;;;;5721,799;0;;0;45;;;;;27/03/2024;09/03/2025;5144;
;;Fazenda Estreito Ponte de Pedra;401 MERYLU;01/01/2018;01/01/2018;01/01/2019;Girolando;04/12/2025;Morte;Outras;;;;;;;27/03/2024;Normal;1;0;;;;;;;19/08/2024;Inseminação Artificial;JORBESON NUNES;CIO NATURAL;;ROBO;;C;Girolando;3;42;;Principal - Leite;26/09/2024;POSITIVO;;;;;;;;5721,799;0;;0;45;26/05/2025;Normal;F;;27/03/2024;09/03/2025;5144;
;;Fazenda Estreito Ponte de Pedra;402;01/01/2018;01/01/2018;01/01/2019;Girolando;04/12/2025;Morte;Neosporose;;;;;;;;;0;;;;;;;;29/04/2023;Inseminação Artificial;JORBESON NUNES;CIO NATURAL;;NABIL;;C;Girolando;1;;;Principal - Leite;;ABERTO;;;;;;;;;0;;0;45;;;;;;;;
;;Fazenda Estreito Ponte de Pedra;402-DIAMANTE;01/01/2018;01/01/2018;01/01/2019;Girolando;21/04/2026;Voluntária;Abate;;;;;;;;;0;;;;;;;;29/04/2023;Inseminação Artificial;JORBESON NUNES;CIO NATURAL;;NABIL;;C;Girolando;1;;;Principal - Leite;01/06/2023;POSITIVO;;;;;;;;;0;;0;45;07/02/2024;Normal;F;;07/02/2024;01/12/2024;8948,294;
;;Fazenda Estreito Ponte de Pedra;402-DIAMANTE;01/01/2018;01/01/2018;01/01/2019;Girolando;21/04/2026;Voluntária;Abate;;;;;;;07/02/2024;Normal;1;0;NÃO;F;;;;;06/04/2024;Inseminação Artificial;JORBESON NUNES;CIO NATURAL;;ROBO;;C;Girolando;1;;;Principal - Leite;16/05/2024;POSITIVO;;;;;;;;8948,294;0;;0;45;07/01/2025;Normal;F;;07/02/2024;01/12/2024;8948,294;
;;Fazenda Estreito Ponte de Pedra;402-DIAMANTE;01/01/2018;01/01/2018;01/01/2019;Girolando;21/04/2026;Voluntária;Abate;;;;;;;07/01/2025;Normal;2;0;NÃO;F;;;;;23/02/2025;Inseminação Artificial;JORBESON NUNES;CIO NATURAL;;-53431;;C;Girolando;1;;;Principal - Leite;06/04/2025;NEGATIVO;;;;;8948,294;298;37;5500,773;0;;0;45;;;;;07/02/2024;01/12/2024;8948,294;
;;Fazenda Estreito Ponte de Pedra;402-DIAMANTE;01/01/2018;01/01/2018;01/01/2019;Girolando;21/04/2026;Voluntária;Abate;;;;;;;07/01/2025;Normal;2;0;NÃO;F;;;;;07/04/2025;Inseminação Artificial;JORBESON NUNES;CIO NATURAL;;-53431;;C;Girolando;2;43;;Principal - Leite;15/05/2025;NEGATIVO;;;;;8948,294;298;37;5500,773;0;;0;45;;;;;07/02/2024;01/12/2024;8948,294;
;;Fazenda Estreito Ponte de Pedra;402-DIAMANTE;01/01/2018;01/01/2018;01/01/2019;Girolando;21/04/2026;Voluntária;Abate;;;;;;;07/01/2025;Normal;2;0;NÃO;F;;;;;26/05/2025;Inseminação Artificial;JORBESON NUNES;CIO NATURAL;;-53431;;C;Girolando;3;49;;Principal - Leite;01/07/2025;NEGATIVO;;;;;8948,294;298;37;5500,773;0;;0;45;;;;;07/02/2024;01/12/2024;8948,294;
;;Fazenda Estreito Ponte de Pedra;402-DIAMANTE;01/01/2018;01/01/2018;01/01/2019;Girolando;21/04/2026;Voluntária;Abate;;;;;;;07/01/2025;Normal;2;0;NÃO;F;;;;;12/07/2025;Inseminação Artificial;JORBESON NUNES;CIO NATURAL;;-867;;C;Girolando;4;47;;Principal - Leite;08/08/2025;NEGATIVO;;;;;8948,294;298;37;5500,773;0;;0;45;;;;;07/02/2024;01/12/2024;8948,294;
;;Fazenda Estreito Ponte de Pedra;402-DIAMANTE;01/01/2018;01/01/2018;01/01/2019;Girolando;21/04/2026;Voluntária;Abate;;;;;;;07/01/2025;Normal;2;0;NÃO;F;;;;;19/08/2025;Inseminação Artificial;LEOMIR BONFIM;CIO NATURAL;;-867;;C;Girolando;5;38;;Principal - Leite;11/09/2025;NEGATIVO;;;;;8948,294;298;37;5500,773;0;;0;45;;;;;07/02/2024;01/12/2024;8948,294;
;;Fazenda Estreito Ponte de Pedra;402-DIAMANTE;01/01/2018;01/01/2018;01/01/2019;Girolando;21/04/2026;Voluntária;Abate;;;;;;;07/01/2025;Normal;2;0;NÃO;F;;;;;12/09/2025;Inseminação Artificial;JORBESON NUNES;CIO NATURAL;;-867;;C;Girolando;6;24;;Principal - Leite;07/11/2025;NEGATIVO;;;;;8948,294;298;37;5500,773;0;;0;45;;;;;07/02/2024;01/12/2024;8948,294;
;;Fazenda Estreito Ponte de Pedra;402-DIAMANTE;01/01/2018;01/01/2018;01/01/2019;Girolando;21/04/2026;Voluntária;Abate;;;;;;;07/01/2025;Normal;2;0;NÃO;F;;;;;09/03/2026;Inseminação Artificial;LEOMIR BONFIM;PROTOCOLO IATF;PROTOCOLO IATF D0 A D11;A.R.K. MYTYME HILLUX;;C;Girolando;7;178;;Principal - Leite;10/04/2026;NEGATIVO;;;;;8948,294;298;37;5500,773;0;;0;45;;;;;07/02/2024;01/12/2024;8948,294;
;;Fazenda Estreito Ponte de Pedra;403;01/01/2021;01/01/2021;01/01/2022;Girolando;;;;;;;;;;;;0;;;;;;;;30/10/2022;Cobertura;;CIO NATURAL;;TOURO;;;Girolando;1;;;Principal - Leite;30/01/2023;POSITIVO;;;;;;;;;0;;0;45;14/08/2023;Normal;;;14/08/2023;19/06/2025;8665;
;;Fazenda Estreito Ponte de Pedra;403;01/01/2021;01/01/2021;01/01/2022;Girolando;;;;;;;;;;14/08/2023;Normal;1;0;;;;;;;13/09/2023;Inseminação Artificial;JORBESON NUNES;CIO NATURAL;;ROBO;;C;Girolando;1;;;Principal - Leite;15/10/2023;NEGATIVO;;;;;;;;16176,692;0;;0;45;;;;;14/08/2023;19/06/2025;8665;
;;Fazenda Estreito Ponte de Pedra;403;01/01/2021;01/01/2021;01/01/2022;Girolando;;;;;;;;;;14/08/2023;Normal;1;0;;;;;;;04/11/2023;Inseminação Artificial;JORBESON NUNES;CIO NATURAL;;ROBO;;C;Girolando;2;52;;Principal - Leite;11/12/2023;NEGATIVO;;;;;;;;16176,692;0;;0;45;;;;;14/08/2023;19/06/2025;8665;
;;Fazenda Estreito Ponte de Pedra;403;01/01/2021;01/01/2021;01/01/2022;Girolando;;;;;;;;;;14/08/2023;Normal;1;0;;;;;;;22/12/2023;Inseminação Artificial;JORBESON NUNES;CIO NATURAL;;SUCESSOR;;C;Girolando;3;48;;Principal - Leite;08/02/2024;POSITIVO;08/07/2024;INSEMINAÇÃO;;;;;;16176,692;0;;0;45;;;;;14/08/2023;19/06/2025;8665;
;;Fazenda Estreito Ponte de Pedra;403;01/01/2021;01/01/2021;01/01/2022;Girolando;;;;;;;;;;14/08/2023;Normal;1;0;;;;;;;08/07/2024;Inseminação Artificial;JORBESON NUNES;CIO NATURAL;;ROBO;;C;Girolando;4;199;;Principal - Leite;03/08/2024;NEGATIVO;;;;;;;;16176,692;0;;0;45;;;;;14/08/2023;19/06/2025;8665;
;;Fazenda Estreito Ponte de Pedra;403;01/01/2021;01/01/2021;01/01/2022;Girolando;;;;;;;;;;14/08/2023;Normal;1;0;;;;;;;04/08/2024;Inseminação Artificial;JORBESON NUNES;CIO NATURAL;;ROBO;;C;Girolando;5;27;;Principal - Leite;26/09/2024;NEGATIVO;;;;;;;;16176,692;0;;0;45;;;;;14/08/2023;19/06/2025;8665;
;;Fazenda Estreito Ponte de Pedra;403;01/01/2021;01/01/2021;01/01/2022;Girolando;;;;;;;;;;14/08/2023;Normal;1;0;;;;;;;07/10/2024;Inseminação Artificial;JORBESON NUNES;CIO NATURAL;;ROBO;;C;Girolando;6;64;;Principal - Leite;07/11/2024;POSITIVO;;;;;;;;16176,692;0;;0;45;19/07/2025;Normal;;;14/08/2023;19/06/2025;8665;
;;Fazenda Estreito Ponte de Pedra;403;01/01/2021;01/01/2021;01/01/2022;Girolando;;;;;;;;;;19/07/2025;Normal;2;0;;;;;;;04/10/2025;Inseminação Artificial;LEOMIR BONFIM;CIO NATURAL;;A.R.K. MYTYME HILLUX;;C;Girolando;1;;;Principal - Leite;07/11/2025;NEGATIVO;;;;;16176,692;675;30;8589;0;;0;45;;;;;14/08/2023;19/06/2025;8665;
;;Fazenda Estreito Ponte de Pedra;403;01/01/2021;01/01/2021;01/01/2022;Girolando;;;;;;;;;;19/07/2025;Normal;2;0;;;;;;;18/11/2025;Inseminação Artificial;LEOMIR BONFIM;CIO NATURAL;;A.R.K. MYTYME HILLUX;;C;Girolando;2;45;;Principal - Leite;13/12/2025;NEGATIVO;;;;;16176,692;675;30;8589;0;;0;45;;;;;14/08/2023;19/06/2025;8665;
;;Fazenda Estreito Ponte de Pedra;403;01/01/2021;01/01/2021;01/01/2022;Girolando;;;;;;;;;;19/07/2025;Normal;2;0;;;;;;;13/12/2025;Inseminação Artificial;LEOMIR BONFIM;CIO NATURAL;;A.R.K. MYTYME HILLUX;;C;Girolando;3;25;;Principal - Leite;05/02/2026;NEGATIVO;;;;352;16176,692;675;30;8589;0;;0;45;;;;;14/08/2023;19/06/2025;8665;
;;Fazenda Estreito Ponte de Pedra;403;01/01/2021;01/01/2021;01/01/2022;Girolando;;;;;;;;;;19/07/2025;Normal;2;0;;;;;;;16/02/2026;Inseminação Artificial;LEOMIR BONFIM;PROTOCOLO IATF;PROTOCOLO IATF D0 A D11;A.R.K. MYTYME HILLUX;;C;Girolando;4;65;;Principal - Leite;20/03/2026;POSITIVO;;;;;16176,692;675;30;8589;0;;0;45;;;;;14/08/2023;19/06/2025;8665;
;;Fazenda Estreito Ponte de Pedra;404;01/01/2021;01/01/2021;01/01/2022;Girolando;;;;;;;;;;;;0;;;;;;;;30/09/2022;Cobertura;;CIO NATURAL;;TOURO;;;Girolando;1;;;Principal - Leite;30/01/2023;POSITIVO;;;;;;;;;0;;0;45;27/06/2023;Normal;F;F;27/06/2023;27/06/2024;4524;
;;Fazenda Estreito Ponte de Pedra;404;01/01/2021;01/01/2021;01/01/2022;Girolando;;;;;;;;;;27/06/2023;Normal;1;0;SIM;F;F;;;;28/08/2023;Inseminação Artificial;JORBESON NUNES;CIO NATURAL;;METEORO;;C;Girolando;1;;;Principal - Leite;17/09/2023;NEGATIVO;;;;;;;;5294,966;0;;0;45;;;;;27/06/2023;27/06/2024;4524;
;;Fazenda Estreito Ponte de Pedra;404;01/01/2021;01/01/2021;01/01/2022;Girolando;;;;;;;;;;27/06/2023;Normal;1;0;SIM;F;F;;;;18/09/2023;Inseminação Artificial;JORBESON NUNES;CIO NATURAL;;CAMPEAO FIV RIO DO L;;C;Girolando;2;21;;Principal - Leite;10/11/2023;NEGATIVO;;;;;;;;5294,966;0;;0;45;;;;;27/06/2023;27/06/2024;4524;
;;Fazenda Estreito Ponte de Pedra;404;01/01/2021;01/01/2021;01/01/2022;Girolando;;;;;;;;;;27/06/2023;Normal;1;0;SIM;F;F;;;;21/11/2023;Inseminação Artificial;JORBESON NUNES;CIO NATURAL;;ROBO;;C;Girolando;3;64;;Principal - Leite;08/02/2024;POSITIVO;;;;;;;;5294,966;0;;0;45;23/08/2024;Normal;F;;27/06/2023;27/06/2024;4524;
;;Fazenda Estreito Ponte de Pedra;404;01/01/2021;01/01/2021;01/01/2022;Girolando;;;;;;;;;;23/08/2024;Normal;2;0;NÃO;F;;;;;21/09/2024;Inseminação Artificial;JORBESON NUNES;CIO NATURAL;;ROBO;;C;Girolando;1;;;Principal - Leite;10/10/2024;NEGATIVO;;;;;5294,966;366;57;6296,9;0;;0;45;;;;;27/06/2023;27/06/2024;4524;
;;Fazenda Estreito Ponte de Pedra;404;01/01/2021;01/01/2021;01/01/2022;Girolando;;;;;;;;;;23/08/2024;Normal;2;0;NÃO;F;;;;;11/10/2024;Inseminação Artificial;JORBESON NUNES;CIO NATURAL;;ROBO;;C;Girolando;2;20;;Principal - Leite;07/11/2024;POSITIVO;;;;;5294,966;366;57;6296,9;0;;0;45;27/05/2025;Natimorto;;;27/06/2023;27/06/2024;4524;
;;Fazenda Estreito Ponte de Pedra;404;01/01/2021;01/01/2021;01/01/2022;Girolando;;;;;;;;;;27/05/2025;Natimorto;3;0;;;;;;;19/08/2025;Inseminação Artificial;LEOMIR BONFIM;CIO NATURAL;;ROBO;;C;Girolando;1;;;Principal - Leite;23/09/2025;POSITIVO;;;;;6296,9;251;26;1685,75;0;;0;45;10/05/2026;Natimorto;F;;27/06/2023;27/06/2024;4524;
;;Fazenda Estreito Ponte de Pedra;405;01/01/2018;01/01/2018;01/01/2019;Girolando;;;;;;;;;;;;0;;;;;;;;30/01/2023;Cobertura;;CIO NATURAL;;TOURO;;;Girolando;1;;;Principal - Leite;04/03/2023;POSITIVO;;;;;;;;;0;;0;45;02/11/2023;Normal;;;02/11/2023;22/01/2025;6552;
;;Fazenda Estreito Ponte de Pedra;405;01/01/2018;01/01/2018;01/01/2019;Girolando;;;;;;;;;;02/11/2023;Normal;1;0;;;;;;;20/01/2024;Inseminação Artificial;JORBESON NUNES;CIO NATURAL;;CAMPEAO FIV RIO DO L;;C;Girolando;1;;;Principal - Leite;26/03/2024;NEGATIVO;;;;;;;;10235,23;0;;0;45;;;;;02/11/2023;22/01/2025;6552;
;;Fazenda Estreito Ponte de Pedra;405;01/01/2018;01/01/2018;01/01/2019;Girolando;;;;;;;;;;02/11/2023;Normal;1;0;;;;;;;06/04/2024;Inseminação Artificial;JORBESON NUNES;CIO NATURAL;;ROBO;;C;Girolando;2;77;;Principal - Leite;16/05/2024;NEGATIVO;;;;;;;;10235,23;0;;0;45;;;;;02/11/2023;22/01/2025;6552;
;;Fazenda Estreito Ponte de Pedra;405;01/01/2018;01/01/2018;01/01/2019;Girolando;;;;;;;;;;02/11/2023;Normal;1;0;;;;;;;27/05/2024;Inseminação Artificial;JORBESON NUNES;CIO NATURAL;;ROBO;;C;Girolando;3;51;;Principal - Leite;27/06/2024;POSITIVO;;;;;;;;10235,23;0;;0;45;28/02/2025;Normal;;;02/11/2023;22/01/2025;6552;
;;Fazenda Estreito Ponte de Pedra;405;01/01/2018;01/01/2018;01/01/2019;Girolando;;;;;;;;;;28/02/2025;Normal;2;0;;;;;;;26/05/2025;Inseminação Artificial;JORBESON NUNES;CIO NATURAL;;-53431;;C;Girolando;1;;;Principal - Leite;01/07/2025;NEGATIVO;;;;;10235,23;447;37;8695,7;0;;0;45;;;;;02/11/2023;22/01/2025;6552;
;;Fazenda Estreito Ponte de Pedra;405;01/01/2018;01/01/2018;01/01/2019;Girolando;;;;;;;;;;28/02/2025;Normal;2;0;;;;;;;12/07/2025;Inseminação Artificial;JORBESON NUNES;CIO NATURAL;;-867;;C;Girolando;2;47;;Principal - Leite;08/08/2025;NEGATIVO;;;;;10235,23;447;37;8695,7;0;;0;45;;;;;02/11/2023;22/01/2025;6552;
;;Fazenda Estreito Ponte de Pedra;405;01/01/2018;01/01/2018;01/01/2019;Girolando;;;;;;;;;;28/02/2025;Normal;2;0;;;;;;;19/08/2025;Inseminação Artificial;LEOMIR BONFIM;CIO NATURAL;;-867;;C;Girolando;3;38;;Principal - Leite;23/09/2025;POSITIVO;;;;;10235,23;447;37;8695,7;0;;0;45;23/05/2026;Normal;F;;02/11/2023;22/01/2025;6552;
;;Fazenda Estreito Ponte de Pedra;406 PAQUITA;01/01/2018;01/01/2018;01/01/2019;Girolando;13/12/2025;Morte;Desconhecida/Indefinida;;;;;;;;;0;;;;;;;;29/04/2023;Inseminação Artificial;JORBESON NUNES;CIO NATURAL;;METEORO;;C;Girolando;1;;;Principal - Leite;17/05/2023;NEGATIVO;;;;;;;;;0;;0;45;;;;;28/11/2025;13/12/2025;0;
;;Fazenda Estreito Ponte de Pedra;406 PAQUITA;01/01/2018;01/01/2018;01/01/2019;Girolando;13/12/2025;Morte;Desconhecida/Indefinida;;;;;;;;;0;;;;;;;;18/05/2023;Inseminação Artificial;JORBESON NUNES;CIO NATURAL;;NABIL;;C;Girolando;2;19;;Principal - Leite;07/07/2023;NEGATIVO;;;;;;;;;0;;0;45;;;;;28/11/2025;13/12/2025;0;
;;Fazenda Estreito Ponte de Pedra;406 PAQUITA;01/01/2018;01/01/2018;01/01/2019;Girolando;13/12/2025;Morte;Desconhecida/Indefinida;;;;;;;;;0;;;;;;;;08/07/2023;Inseminação Artificial;JORBESON NUNES;CIO NATURAL;;ROBO;;C;Girolando;3;51;;Principal - Leite;17/08/2023;NEGATIVO;;;;;;;;;0;;0;45;;;;;28/11/2025;13/12/2025;0;
;;Fazenda Estreito Ponte de Pedra;406 PAQUITA;01/01/2018;01/01/2018;01/01/2019;Girolando;13/12/2025;Morte;Desconhecida/Indefinida;;;;;;;;;0;;;;;;;;28/08/2023;Inseminação Artificial;JORBESON NUNES;CIO NATURAL;;NABIL;;C;Girolando;4;51;;Principal - Leite;28/09/2023;NEGATIVO;;;;;;;;;0;;0;45;;;;;28/11/2025;13/12/2025;0;
;;Fazenda Estreito Ponte de Pedra;406 PAQUITA;01/01/2018;01/01/2018;01/01/2019;Girolando;13/12/2025;Morte;Desconhecida/Indefinida;;;;;;;;;0;;;;;;;;09/10/2023;Inseminação Artificial;JORBESON NUNES;CIO NATURAL;;NABIL;;C;Girolando;5;42;;Principal - Leite;03/11/2023;NEGATIVO;;;;;;;;;0;;0;45;;;;;28/11/2025;13/12/2025;0;
;;Fazenda Estreito Ponte de Pedra;406 PAQUITA;01/01/2018;01/01/2018;01/01/2019;Girolando;13/12/2025;Morte;Desconhecida/Indefinida;;;;;;;;;0;;;;;;;;04/11/2023;Inseminação Artificial;JORBESON NUNES;CIO NATURAL;;ROBO;;C;Girolando;6;26;;Principal - Leite;11/12/2023;NEGATIVO;;;;;;;;;0;;0;45;;;;;28/11/2025;13/12/2025;0;
;;Fazenda Estreito Ponte de Pedra;406 PAQUITA;01/01/2018;01/01/2018;01/01/2019;Girolando;13/12/2025;Morte;Desconhecida/Indefinida;;;;;;;;;0;;;;;;;;22/12/2023;Inseminação Artificial;JORBESON NUNES;CIO NATURAL;;SUCESSOR;;C;Girolando;7;48;;Principal - Leite;08/02/2024;NEGATIVO;;;;;;;;;0;;0;45;;;;;28/11/2025;13/12/2025;0;
;;Fazenda Estreito Ponte de Pedra;406 PAQUITA;01/01/2018;01/01/2018;01/01/2019;Girolando;13/12/2025;Morte;Desconhecida/Indefinida;;;;;;;;;0;;;;;;;;19/02/2024;Inseminação Artificial;JORBESON NUNES;CIO NATURAL;;ROBO;;C;Girolando;8;59;;Principal - Leite;26/03/2024;POSITIVO;23/02/2025;INSEMINAÇÃO;;;;;;;0;;0;45;;;;;28/11/2025;13/12/2025;0;
;;Fazenda Estreito Ponte de Pedra;406 PAQUITA;01/01/2018;01/01/2018;01/01/2019;Girolando;13/12/2025;Morte;Desconhecida/Indefinida;;;;;;;;;0;;;;;;;;23/02/2025;Inseminação Artificial;JORBESON NUNES;CIO NATURAL;;-53431;;C;Girolando;9;370;;Principal - Leite;27/03/2025;POSITIVO;;;;;;;;;0;;0;45;28/11/2025;Normal;;;28/11/2025;13/12/2025;0;
;;Fazenda Estreito Ponte de Pedra;407 VANIA;01/01/2018;01/01/2018;01/01/2019;Girolando;28/12/2025;Voluntária;Abate;;;;;;;;;0;;;;;;;;30/09/2022;Cobertura;;CIO NATURAL;;TOURO;;;Girolando;1;;;Principal - Leite;30/01/2023;POSITIVO;;;;;;;;;0;;0;45;15/06/2023;Normal;M;;15/06/2023;19/04/2024;6428;
;;Fazenda Estreito Ponte de Pedra;407 VANIA;01/01/2018;01/01/2018;01/01/2019;Girolando;28/12/2025;Voluntária;Abate;;;;;;;15/06/2023;Normal;1;0;NÃO;M;;;;;19/08/2023;Inseminação Artificial;JORBESON NUNES;CIO NATURAL;;METEORO;;C;Girolando;1;;;Principal - Leite;12/09/2023;NEGATIVO;;;;;;;;6859,757;1;;0;45;;;;;15/06/2023;19/04/2024;6428;
;;Fazenda Estreito Ponte de Pedra;407 VANIA;01/01/2018;01/01/2018;01/01/2019;Girolando;28/12/2025;Voluntária;Abate;;;;;;;15/06/2023;Normal;1;0;NÃO;M;;;;;13/09/2023;Inseminação Artificial;JORBESON NUNES;CIO NATURAL;;ROBO;;C;Girolando;2;25;;Principal - Leite;10/11/2023;POSITIVO;;;;;;;;6859,757;1;;0;45;18/06/2024;Normal;;;15/06/2023;19/04/2024;6428;
;;Fazenda Estreito Ponte de Pedra;407 VANIA;01/01/2018;01/01/2018;01/01/2019;Girolando;28/12/2025;Voluntária;Abate;;;;;;;18/06/2024;Normal;2;0;;;;;;;15/08/2024;Inseminação Artificial;JORBESON NUNES;CIO NATURAL;;ROBO;;C;Girolando;1;;;Principal - Leite;26/09/2024;NEGATIVO;;;;;6859,757;309;60;9408,846;0;;0;45;;;;;15/06/2023;19/04/2024;6428;
;;Fazenda Estreito Ponte de Pedra;407 VANIA;01/01/2018;01/01/2018;01/01/2019;Girolando;28/12/2025;Voluntária;Abate;;;;;;;18/06/2024;Normal;2;0;;;;;;;07/10/2024;Inseminação Artificial;JORBESON NUNES;CIO NATURAL;;ROBO;;C;Girolando;2;53;;Principal - Leite;07/11/2024;POSITIVO;23/02/2025;INSEMINAÇÃO;;;6859,757;309;60;9408,846;0;;0;45;;;;;15/06/2023;19/04/2024;6428;
;;Fazenda Estreito Ponte de Pedra;407 VANIA;01/01/2018;01/01/2018;01/01/2019;Girolando;28/12/2025;Voluntária;Abate;;;;;;;18/06/2024;Normal;2;0;;;;;;;23/02/2025;Inseminação Artificial;JORBESON NUNES;CIO NATURAL;;-53431;;C;Girolando;3;139;;Principal - Leite;06/04/2025;NEGATIVO;;;;;6859,757;309;60;9408,846;0;;0;45;;;;;15/06/2023;19/04/2024;6428;
;;Fazenda Estreito Ponte de Pedra;407 VANIA;01/01/2018;01/01/2018;01/01/2019;Girolando;28/12/2025;Voluntária;Abate;;;;;;;18/06/2024;Normal;2;0;;;;;;;07/04/2025;Inseminação Artificial;JORBESON NUNES;CIO NATURAL;;-53431;;C;Girolando;4;43;;Principal - Leite;15/05/2025;NEGATIVO;;;;;6859,757;309;60;9408,846;0;;0;45;;;;;15/06/2023;19/04/2024;6428;
;;Fazenda Estreito Ponte de Pedra;407 VANIA;01/01/2018;01/01/2018;01/01/2019;Girolando;28/12/2025;Voluntária;Abate;;;;;;;18/06/2024;Normal;2;0;;;;;;;12/07/2025;Inseminação Artificial;JORBESON NUNES;CIO NATURAL;;-867;;C;Girolando;5;96;;Principal - Leite;08/08/2025;POSITIVO;;;;;6859,757;309;60;9408,846;0;;0;45;;;;;15/06/2023;19/04/2024;6428;
;;Fazenda Estreito Ponte de Pedra;408 JANDIRA;01/01/2018;01/01/2018;01/01/2019;Girolando;28/12/2025;Voluntária;Abate;;;;;;;;;0;;;;;;;;30/09/2022;Cobertura;;CIO NATURAL;;TOURO;;;Girolando;1;;;Principal - Leite;30/01/2023;POSITIVO;;;;;;;;;0;;0;45;05/06/2023;Normal;F;;05/06/2023;22/01/2025;8585;
;;Fazenda Estreito Ponte de Pedra;408 JANDIRA;01/01/2018;01/01/2018;01/01/2019;Girolando;28/12/2025;Voluntária;Abate;;;;;;;05/06/2023;Normal;1;0;NÃO;F;;;;;08/07/2023;Inseminação Artificial;JORBESON NUNES;CIO NATURAL;;METEORO;;C;Girolando;1;;;Principal - Leite;17/08/2023;NEGATIVO;;;;;;;;13249,376;0;;0;45;;;;;05/06/2023;22/01/2025;8585;
;;Fazenda Estreito Ponte de Pedra;408 JANDIRA;01/01/2018;01/01/2018;01/01/2019;Girolando;28/12/2025;Voluntária;Abate;;;;;;;05/06/2023;Normal;1;0;NÃO;F;;;;;28/08/2023;Inseminação Artificial;JORBESON NUNES;CIO NATURAL;;NABIL;;C;Girolando;2;51;;Principal - Leite;21/09/2023;NEGATIVO;;;;;;;;13249,376;0;;0;45;;;;;05/06/2023;22/01/2025;8585;
;;Fazenda Estreito Ponte de Pedra;408 JANDIRA;01/01/2018;01/01/2018;01/01/2019;Girolando;28/12/2025;Voluntária;Abate;;;;;;;05/06/2023;Normal;1;0;NÃO;F;;;;;22/09/2023;Inseminação Artificial;JORBESON NUNES;CIO NATURAL;;METEORO;;C;Girolando;3;25;;Principal - Leite;10/11/2023;NEGATIVO;;;;;;;;13249,376;0;;0;45;;;;;05/06/2023;22/01/2025;8585;
;;Fazenda Estreito Ponte de Pedra;408 JANDIRA;01/01/2018;01/01/2018;01/01/2019;Girolando;28/12/2025;Voluntária;Abate;;;;;;;05/06/2023;Normal;1;0;NÃO;F;;;;;04/12/2023;Inseminação Artificial;JORBESON NUNES;CIO NATURAL;;NABIL;;C;Girolando;4;73;;Principal - Leite;26/12/2023;NEGATIVO;;;;;;;;13249,376;0;;0;45;;;;;05/06/2023;22/01/2025;8585;
;;Fazenda Estreito Ponte de Pedra;408 JANDIRA;01/01/2018;01/01/2018;01/01/2019;Girolando;28/12/2025;Voluntária;Abate;;;;;;;05/06/2023;Normal;1;0;NÃO;F;;;;;27/12/2023;Inseminação Artificial;JORBESON NUNES;CIO NATURAL;;ROBO;;C;Girolando;5;23;;Principal - Leite;08/02/2024;NEGATIVO;;;;;;;;13249,376;0;;0;45;;;;;05/06/2023;22/01/2025;8585;
;;Fazenda Estreito Ponte de Pedra;408 JANDIRA;01/01/2018;01/01/2018;01/01/2019;Girolando;28/12/2025;Voluntária;Abate;;;;;;;05/06/2023;Normal;1;0;NÃO;F;;;;;19/02/2024;Inseminação Artificial;JORBESON NUNES;CIO NATURAL;;ROBO;;C;Girolando;6;54;;Principal - Leite;26/03/2024;NEGATIVO;;;;;;;;13249,376;0;;0;45;;;;;05/06/2023;22/01/2025;8585;
;;Fazenda Estreito Ponte de Pedra;408 JANDIRA;01/01/2018;01/01/2018;01/01/2019;Girolando;28/12/2025;Voluntária;Abate;;;;;;;05/06/2023;Normal;1;0;NÃO;F;;;;;06/04/2024;Inseminação Artificial;JORBESON NUNES;CIO NATURAL;;ROBO;;C;Girolando;7;47;;Principal - Leite;16/05/2024;NEGATIVO;;;;;;;;13249,376;0;;0;45;;;;;05/06/2023;22/01/2025;8585;
;;Fazenda Estreito Ponte de Pedra;408 JANDIRA;01/01/2018;01/01/2018;01/01/2019;Girolando;28/12/2025;Voluntária;Abate;;;;;;;05/06/2023;Normal;1;0;NÃO;F;;;;;27/05/2024;Inseminação Artificial;JORBESON NUNES;CIO NATURAL;;ROBO;;C;Girolando;8;51;;Principal - Leite;27/06/2024;POSITIVO;;;;;;;;13249,376;0;;0;45;24/02/2025;Natimorto;;;05/06/2023;22/01/2025;8585;
;;Fazenda Estreito Ponte de Pedra;409;01/01/2021;01/01/2021;01/01/2022;Girolando;04/12/2025;Morte;Hipocalcemia;;;;;;;;;0;;;;;;;;28/02/2023;Cobertura;;CIO NATURAL;;TOURO;;;Girolando;1;;;Principal - Leite;30/03/2023;POSITIVO;;;;;;;;;0;;0;45;17/12/2023;Normal;F;;17/12/2023;27/04/2024;791,561;
;;Fazenda Estreito Ponte de Pedra;409;01/01/2021;01/01/2021;01/01/2022;Girolando;04/12/2025;Morte;Hipocalcemia;;;;;;;17/12/2023;Normal;1;0;NÃO;F;;;;;19/02/2024;Inseminação Artificial;JORBESON NUNES;CIO NATURAL;;SUCESSOR;;C;Girolando;1;;;Principal - Leite;26/03/2024;POSITIVO;;;;;;;;791,561;0;;0;45;;;;;17/12/2023;27/04/2024;791,561;
;;Fazenda Estreito Ponte de Pedra;410;01/01/2021;01/01/2021;01/01/2022;Girolando;28/12/2025;Voluntária;Abate;;;;;;;;;0;;;;;;;;30/11/2022;Cobertura;;CIO NATURAL;;TOURO;;;Girolando;1;;;Principal - Leite;30/01/2023;POSITIVO;;;;;;;;;0;;0;45;26/08/2023;Normal;;;26/08/2023;05/11/2024;5552;
;;Fazenda Estreito Ponte de Pedra;410;01/01/2021;01/01/2021;01/01/2022;Girolando;28/12/2025;Voluntária;Abate;;;;;;;26/08/2023;Normal;1;0;;;;;;;04/11/2023;Inseminação Artificial;JORBESON NUNES;CIO NATURAL;;ROBO;;C;Girolando;1;;;Principal - Leite;11/12/2023;NEGATIVO;;;;;;;;8285,531;0;;0;45;;;;;26/08/2023;05/11/2024;5552;
;;Fazenda Estreito Ponte de Pedra;410;01/01/2021;01/01/2021;01/01/2022;Girolando;28/12/2025;Voluntária;Abate;;;;;;;26/08/2023;Normal;1;0;;;;;;;22/12/2023;Inseminação Artificial;JORBESON NUNES;CIO NATURAL;;SUCESSOR;;C;Girolando;2;48;;Principal - Leite;08/02/2024;NEGATIVO;;;;;;;;8285,531;0;;0;45;;;;;26/08/2023;05/11/2024;5552;
;;Fazenda Estreito Ponte de Pedra;410;01/01/2021;01/01/2021;01/01/2022;Girolando;28/12/2025;Voluntária;Abate;;;;;;;26/08/2023;Normal;1;0;;;;;;;19/02/2024;Inseminação Artificial;JORBESON NUNES;CIO NATURAL;;ROBO;;C;Girolando;3;59;;Principal - Leite;26/03/2024;POSITIVO;;;;;;;;8285,531;0;;0;45;23/11/2024;Normal;;;26/08/2023;05/11/2024;5552;
;;Fazenda Estreito Ponte de Pedra;410;01/01/2021;01/01/2021;01/01/2022;Girolando;28/12/2025;Voluntária;Abate;;;;;;;23/11/2024;Normal;2;0;;;;;;;31/01/2025;Inseminação Artificial;JORBESON NUNES;CIO NATURAL;;-53431;;C;Girolando;1;;;Principal - Leite;22/02/2025;NEGATIVO;;;;;8285,531;437;18;10734,024;0;;0;45;;;;;26/08/2023;05/11/2024;5552;
;;Fazenda Estreito Ponte de Pedra;410;01/01/2021;01/01/2021;01/01/2022;Girolando;28/12/2025;Voluntária;Abate;;;;;;;23/11/2024;Normal;2;0;;;;;;;23/02/2025;Inseminação Artificial;JORBESON NUNES;CIO NATURAL;;-53431;;C;Girolando;2;23;;Principal - Leite;27/03/2025;POSITIVO;04/10/2025;INSEMINAÇÃO;;;8285,531;437;18;10734,024;0;;0;45;;;;;26/08/2023;05/11/2024;5552;
;;Fazenda Estreito Ponte de Pedra;410;01/01/2021;01/01/2021;01/01/2022;Girolando;28/12/2025;Voluntária;Abate;;;;;;;23/11/2024;Normal;2;0;;;;;;;04/10/2025;Inseminação Artificial;LEOMIR BONFIM;CIO NATURAL;;A.R.K. MYTYME HILLUX;;C;Girolando;3;223;;Principal - Leite;11/10/2025;NEGATIVO;;;;;8285,531;437;18;10734,024;0;;0;45;;;;;26/08/2023;05/11/2024;5552;
;;Fazenda Estreito Ponte de Pedra;410;01/01/2021;01/01/2021;01/01/2022;Girolando;28/12/2025;Voluntária;Abate;;;;;;;23/11/2024;Normal;2;0;;;;;;;12/10/2025;Inseminação Artificial;LEOMIR BONFIM;CIO NATURAL;;A.R.K. MYTYME HILLUX;;C;Girolando;4;8;;Principal - Leite;;ABERTO;;;;;8285,531;437;18;10734,024;0;;0;45;;;;;26/08/2023;05/11/2024;5552;
;;Fazenda Estreito Ponte de Pedra;411;01/01/2021;01/01/2021;01/01/2022;Girolando;12/01/2026;Descarte involuntário;Doenças bacterianas;;;;;;;;;0;;;;;;;;25/02/2023;Cobertura;;CIO NATURAL;;TOURO;;;Girolando;1;;;Principal - Leite;30/03/2023;POSITIVO;;;;;;;;;0;;0;45;13/12/2023;Normal;;;13/12/2023;09/03/2025;4864;
;;Fazenda Estreito Ponte de Pedra;411;01/01/2021;01/01/2021;01/01/2022;Girolando;12/01/2026;Descarte involuntário;Doenças bacterianas;;;;;;;13/12/2023;Normal;1;0;;;;;;;19/02/2024;Inseminação Artificial;JORBESON NUNES;CIO NATURAL;;SUCESSOR;;C;Girolando;1;;;Principal - Leite;26/03/2024;NEGATIVO;;;;;;;;7927,133;0;;0;45;;;;;13/12/2023;09/03/2025;4864;
;;Fazenda Estreito Ponte de Pedra;411;01/01/2021;01/01/2021;01/01/2022;Girolando;12/01/2026;Descarte involuntário;Doenças bacterianas;;;;;;;13/12/2023;Normal;1;0;;;;;;;06/04/2024;Inseminação Artificial;JORBESON NUNES;CIO NATURAL;;ROBO;;C;Girolando;2;47;;Principal - Leite;16/05/2024;NEGATIVO;;;;;;;;7927,133;0;;0;45;;;;;13/12/2023;09/03/2025;4864;
;;Fazenda Estreito Ponte de Pedra;411;01/01/2021;01/01/2021;01/01/2022;Girolando;12/01/2026;Descarte involuntário;Doenças bacterianas;;;;;;;13/12/2023;Normal;1;0;;;;;;;27/05/2024;Inseminação Artificial;JORBESON NUNES;CIO NATURAL;;ROBO;;C;Girolando;3;51;;Principal - Leite;27/06/2024;NEGATIVO;;;;;;;;7927,133;0;;0;45;;;;;13/12/2023;09/03/2025;4864;
;;Fazenda Estreito Ponte de Pedra;411;01/01/2021;01/01/2021;01/01/2022;Girolando;12/01/2026;Descarte involuntário;Doenças bacterianas;;;;;;;13/12/2023;Normal;1;0;;;;;;;08/07/2024;Inseminação Artificial;JORBESON NUNES;CIO NATURAL;;ROBO;;C;Girolando;4;42;;Principal - Leite;08/08/2024;POSITIVO;;;;;;;;7927,133;0;;0;45;19/04/2025;Natimorto;;;13/12/2023;09/03/2025;4864;
;;Fazenda Estreito Ponte de Pedra;411;01/01/2021;01/01/2021;01/01/2022;Girolando;12/01/2026;Descarte involuntário;Doenças bacterianas;;;;;;;19/04/2025;Natimorto;2;0;;;;;;;12/07/2025;Inseminação Artificial;JORBESON NUNES;CIO NATURAL;;-867;;C;Girolando;1;;;Principal - Leite;08/08/2025;POSITIVO;23/09/2025;DIAGNÓSTICO;;;7927,133;452;41;6643;0;;0;45;;;;;13/12/2023;09/03/2025;4864;
;;Fazenda Estreito Ponte de Pedra;411;01/01/2021;01/01/2021;01/01/2022;Girolando;12/01/2026;Descarte involuntário;Doenças bacterianas;;;;;;;19/04/2025;Natimorto;2;0;;;;;;;04/10/2025;Inseminação Artificial;LEOMIR BONFIM;CIO NATURAL;;A.R.K. MYTYME HILLUX;;C;Girolando;2;84;;Principal - Leite;07/11/2025;POSITIVO;;;;;7927,133;452;41;6643;0;;0;45;;;;;13/12/2023;09/03/2025;4864;
;;Fazenda Estreito Ponte de Pedra;412;01/01/2021;01/01/2021;01/01/2022;Girolando;04/12/2025;Morte;Hipocalcemia;;;;;;;;;0;;;;;;;;30/01/2023;Cobertura;;CIO NATURAL;;TOURO;;;Girolando;1;;;Principal - Leite;28/02/2023;POSITIVO;;;;;;;;;0;;0;45;15/10/2023;Normal;F;;15/10/2023;01/11/2023;0;
;;Fazenda Estreito Ponte de Pedra;413;01/01/2021;01/01/2021;01/01/2022;Girolando;12/01/2026;Descarte involuntário;Doenças bacterianas;;;;;;;;;0;;;;;;;;30/12/2022;Cobertura;;CIO NATURAL;;TOURO;;;Girolando;1;;;Principal - Leite;30/01/2023;POSITIVO;;;;;;;;;0;;0;45;17/10/2023;Normal;;;17/10/2023;01/12/2024;5079;
;;Fazenda Estreito Ponte de Pedra;413;01/01/2021;01/01/2021;01/01/2022;Girolando;12/01/2026;Descarte involuntário;Doenças bacterianas;;;;;;;17/10/2023;Normal;1;0;;;;;;;22/12/2023;Inseminação Artificial;JORBESON NUNES;CIO NATURAL;;SUCESSOR;;C;Girolando;1;;;Principal - Leite;08/02/2024;NEGATIVO;;;;;;;;7664,235;0;;0;45;;;;;17/10/2023;01/12/2024;5079;
;;Fazenda Estreito Ponte de Pedra;413;01/01/2021;01/01/2021;01/01/2022;Girolando;12/01/2026;Descarte involuntário;Doenças bacterianas;;;;;;;17/10/2023;Normal;1;0;;;;;;;19/02/2024;Inseminação Artificial;JORBESON NUNES;CIO NATURAL;;ROBO;;C;Girolando;2;59;;Principal - Leite;26/03/2024;NEGATIVO;;;;;;;;7664,235;0;;0;45;;;;;17/10/2023;01/12/2024;5079;
;;Fazenda Estreito Ponte de Pedra;413;01/01/2021;01/01/2021;01/01/2022;Girolando;12/01/2026;Descarte involuntário;Doenças bacterianas;;;;;;;17/10/2023;Normal;1;0;;;;;;;06/04/2024;Inseminação Artificial;JORBESON NUNES;CIO NATURAL;;ROBO;;C;Girolando;3;47;;Principal - Leite;16/05/2024;POSITIVO;;;;;;;;7664,235;0;;0;45;05/01/2025;Normal;;;17/10/2023;01/12/2024;5079;
;;Fazenda Estreito Ponte de Pedra;413;01/01/2021;01/01/2021;01/01/2022;Girolando;12/01/2026;Descarte involuntário;Doenças bacterianas;;;;;;;05/01/2025;Normal;2;0;;;;;;;23/02/2025;Inseminação Artificial;JORBESON NUNES;CIO NATURAL;;-53431;;C;Girolando;1;;;Principal - Leite;15/05/2025;NEGATIVO;;;;;7664,235;411;35;7201,174;0;;0;45;;;;;17/10/2023;01/12/2024;5079;
;;Fazenda Estreito Ponte de Pedra;413;01/01/2021;01/01/2021;01/01/2022;Girolando;12/01/2026;Descarte involuntário;Doenças bacterianas;;;;;;;05/01/2025;Normal;2;0;;;;;;;26/05/2025;Inseminação Artificial;JORBESON NUNES;CIO NATURAL;;-53431;;C;Girolando;2;92;;Principal - Leite;01/07/2025;NEGATIVO;;;;;7664,235;411;35;7201,174;0;;0;45;;;;;17/10/2023;01/12/2024;5079;
;;Fazenda Estreito Ponte de Pedra;413;01/01/2021;01/01/2021;01/01/2022;Girolando;12/01/2026;Descarte involuntário;Doenças bacterianas;;;;;;;05/01/2025;Normal;2;0;;;;;;;12/07/2025;Inseminação Artificial;JORBESON NUNES;CIO NATURAL;;-867;;C;Girolando;3;47;;Principal - Leite;08/08/2025;NEGATIVO;;;;;7664,235;411;35;7201,174;0;;0;45;;;;;17/10/2023;01/12/2024;5079;
;;Fazenda Estreito Ponte de Pedra;413;01/01/2021;01/01/2021;01/01/2022;Girolando;12/01/2026;Descarte involuntário;Doenças bacterianas;;;;;;;05/01/2025;Normal;2;0;;;;;;;19/08/2025;Inseminação Artificial;LEOMIR BONFIM;CIO NATURAL;;-867;;C;Girolando;4;38;;Principal - Leite;23/09/2025;NEGATIVO;;;;;7664,235;411;35;7201,174;0;;0;45;;;;;17/10/2023;01/12/2024;5079;
;;Fazenda Estreito Ponte de Pedra;413;01/01/2021;01/01/2021;01/01/2022;Girolando;12/01/2026;Descarte involuntário;Doenças bacterianas;;;;;;;05/01/2025;Normal;2;0;;;;;;;04/10/2025;Inseminação Artificial;LEOMIR BONFIM;CIO NATURAL;;A.R.K. MYTYME HILLUX;;C;Girolando;5;46;;Principal - Leite;07/11/2025;NEGATIVO;;;;;7664,235;411;35;7201,174;0;;0;45;;;;;17/10/2023;01/12/2024;5079;
;;Fazenda Estreito Ponte de Pedra;413;01/01/2021;01/01/2021;01/01/2022;Girolando;12/01/2026;Descarte involuntário;Doenças bacterianas;;;;;;;05/01/2025;Normal;2;0;;;;;;;18/11/2025;Inseminação Artificial;LEOMIR BONFIM;CIO NATURAL;;A.R.K. MYTYME HILLUX;;C;Girolando;6;45;;Principal - Leite;11/12/2025;NEGATIVO;;;;;7664,235;411;35;7201,174;0;3;0;45;;;;;17/10/2023;01/12/2024;5079;
;;Fazenda Estreito Ponte de Pedra;413;01/01/2021;01/01/2021;01/01/2022;Girolando;12/01/2026;Descarte involuntário;Doenças bacterianas;;;;;;;05/01/2025;Normal;2;0;;;;;;;11/12/2025;Cobertura;;CIO NATURAL;;SEVAVERDE;;;Holandês;7;23;;Principal - Leite;12/12/2025;NEGATIVO;;;;352;7664,235;411;35;7201,174;0;3;0;45;;;;;17/10/2023;01/12/2024;5079;
;;Fazenda Estreito Ponte de Pedra;413;01/01/2021;01/01/2021;01/01/2022;Girolando;12/01/2026;Descarte involuntário;Doenças bacterianas;;;;;;;05/01/2025;Normal;2;0;;;;;;;12/12/2025;Cobertura;;CIO NATURAL;;SEVAVERDE;;;Holandês;8;1;;Principal - Leite;;ABERTO;;;;352;7664,235;411;35;7201,174;0;3;0;45;;;;;17/10/2023;01/12/2024;5079;
;;Fazenda Estreito Ponte de Pedra;414;01/01/2021;01/01/2021;01/01/2022;Girolando;;;;;;;;;;;;0;;;;;;;;30/09/2022;Cobertura;;CIO NATURAL;;TOURO;;;Girolando;1;;;Principal - Leite;30/01/2023;POSITIVO;;;;;;;;;0;;0;45;06/07/2023;Normal;;;06/07/2023;01/08/2024;4424;
;;Fazenda Estreito Ponte de Pedra;414;01/01/2021;01/01/2021;01/01/2022;Girolando;;;;;;;;;;06/07/2023;Normal;1;0;;;;;;;09/10/2023;Inseminação Artificial;JORBESON NUNES;CIO NATURAL;;METEORO;;C;Girolando;1;;;Principal - Leite;27/10/2023;NEGATIVO;;;;;;;;5418,696;0;;0;45;;;;;06/07/2023;01/08/2024;4424;
;;Fazenda Estreito Ponte de Pedra;414;01/01/2021;01/01/2021;01/01/2022;Girolando;;;;;;;;;;06/07/2023;Normal;1;0;;;;;;;28/10/2023;Inseminação Artificial;JORBESON NUNES;CIO NATURAL;;CAMPEAO FIV RIO DO L;;C;Girolando;2;19;;Principal - Leite;11/12/2023;NEGATIVO;;;;;;;;5418,696;0;;0;45;;;;;06/07/2023;01/08/2024;4424;
;;Fazenda Estreito Ponte de Pedra;414;01/01/2021;01/01/2021;01/01/2022;Girolando;;;;;;;;;;06/07/2023;Normal;1;0;;;;;;;22/12/2023;Inseminação Artificial;JORBESON NUNES;CIO NATURAL;;ROBO;;C;Girolando;3;55;;Principal - Leite;08/02/2024;POSITIVO;;;;;;;;5418,696;0;;0;45;22/09/2024;Normal;F;;06/07/2023;01/08/2024;4424;
;;Fazenda Estreito Ponte de Pedra;414;01/01/2021;01/01/2021;01/01/2022;Girolando;;;;;;;;;;22/09/2024;Normal;2;0;NÃO;F;;;;;20/10/2024;Inseminação Artificial;JORBESON NUNES;CIO NATURAL;;ROBO;;C;Girolando;1;;;Principal - Leite;19/12/2024;NEGATIVO;;;;;5418,696;392;52;6915,3;0;;0;45;;;;;06/07/2023;01/08/2024;4424;
;;Fazenda Estreito Ponte de Pedra;414;01/01/2021;01/01/2021;01/01/2022;Girolando;;;;;;;;;;22/09/2024;Normal;2;0;NÃO;F;;;;;30/12/2024;Inseminação Artificial;JORBESON NUNES;CIO NATURAL;;ROBO;;C;Girolando;2;71;;Principal - Leite;10/02/2025;POSITIVO;;;;;5418,696;392;52;6915,3;0;;0;45;01/10/2025;Normal;F;;06/07/2023;01/08/2024;4424;
;;Fazenda Estreito Ponte de Pedra;414;01/01/2021;01/01/2021;01/01/2022;Girolando;;;;;;;;;;01/10/2025;Normal;3;0;NÃO;F;;;;;04/12/2025;Inseminação Artificial;LEOMIR BONFIM;CIO NATURAL;;A.R.K. MYTYME HILLUX;;C;Girolando;1;;;Principal - Leite;15/01/2026;NEGATIVO;;;;352;6915,3;309;65;4432;0;3;0;45;;;;;06/07/2023;01/08/2024;4424;
;;Fazenda Estreito Ponte de Pedra;414;01/01/2021;01/01/2021;01/01/2022;Girolando;;;;;;;;;;01/10/2025;Normal;3;0;NÃO;F;;;;;26/01/2026;Inseminação Artificial;LEOMIR BONFIM;PROTOCOLO IATF;PROTOCOLO IATF D0 A D11;A.R.K. MYTYME HILLUX;;C;Girolando;2;53;;Principal - Leite;16/02/2026;NEGATIVO;;;;352;6915,3;309;65;4432;0;;0;45;;;;;06/07/2023;01/08/2024;4424;
;;Fazenda Estreito Ponte de Pedra;414;01/01/2021;01/01/2021;01/01/2022;Girolando;;;;;;;;;;01/10/2025;Normal;3;0;NÃO;F;;;;;16/02/2026;Inseminação Artificial;LEOMIR BONFIM;;;A.R.K. MYTYME HILLUX;;C;Girolando;3;21;;Principal - Leite;10/04/2026;POSITIVO;;;;;6915,3;309;65;4432;0;;0;45;;;;;06/07/2023;01/08/2024;4424;
;;Fazenda Estreito Ponte de Pedra;415 BABALU;01/01/2021;01/01/2021;01/01/2022;Girolando;04/12/2025;Voluntária;Venda;;;;;;;;;0;;;;;;;;30/09/2022;Cobertura;;CIO NATURAL;;TOURO;;;Girolando;1;;;Principal - Leite;30/01/2023;POSITIVO;;;;;;;;;0;;0;45;14/06/2023;Normal;M;;14/06/2023;05/03/2024;4226,395;
;;Fazenda Estreito Ponte de Pedra;415 BABALU;01/01/2021;01/01/2021;01/01/2022;Girolando;04/12/2025;Voluntária;Venda;;;;;;;14/06/2023;Normal;1;0;NÃO;M;;;;;21/07/2023;Cobertura;;CIO NATURAL;;METEORO;;;Girolando;1;;;Principal - Leite;17/08/2023;POSITIVO;;;;;;;;4226,395;0;;0;45;26/04/2024;Normal;F;;14/06/2023;05/03/2024;4226,395;
;;Fazenda Estreito Ponte de Pedra;415 BABALU;01/01/2021;01/01/2021;01/01/2022;Girolando;04/12/2025;Voluntária;Venda;;;;;;;26/04/2024;Normal;2;0;NÃO;F;;;;;24/06/2024;Inseminação Artificial;JORBESON NUNES;CIO NATURAL;;ROBO;;C;Girolando;1;;;Principal - Leite;08/08/2024;POSITIVO;;;;;4226,395;265;52;3732,312;0;;0;45;08/04/2025;Normal;;;14/06/2023;05/03/2024;4226,395;
;;Fazenda Estreito Ponte de Pedra;415 BABALU;01/01/2021;01/01/2021;01/01/2022;Girolando;04/12/2025;Voluntária;Venda;;;;;;;08/04/2025;Normal;3;0;;;;;;;12/07/2025;Inseminação Artificial;JORBESON NUNES;CIO NATURAL;;-867;;C;Girolando;1;;;Principal - Leite;08/08/2025;NEGATIVO;;;;;3732,312;300;47;3112;0;;0;45;;;;;14/06/2023;05/03/2024;4226,395;
;;Fazenda Estreito Ponte de Pedra;415 BABALU;01/01/2021;01/01/2021;01/01/2022;Girolando;04/12/2025;Voluntária;Venda;;;;;;;08/04/2025;Normal;3;0;;;;;;;19/08/2025;Inseminação Artificial;LEOMIR BONFIM;CIO NATURAL;;ROBO;;C;Girolando;2;38;;Principal - Leite;;ABERTO;;;;;3732,312;300;47;3112;0;;0;45;;;;;14/06/2023;05/03/2024;4226,395;
;;Fazenda Estreito Ponte de Pedra;416;01/01/2021;01/01/2021;01/01/2022;Girolando;04/12/2025;Voluntária;Venda;;;;;;;;;0;;;;;;;;30/10/2022;Cobertura;;CIO NATURAL;;TOURO;;;Girolando;1;;;Principal - Leite;30/01/2023;POSITIVO;;;;;;;;;0;;0;45;04/08/2023;Natimorto;;;04/08/2023;;2492;
;;Fazenda Estreito Ponte de Pedra;416;01/01/2021;01/01/2021;01/01/2022;Girolando;04/12/2025;Voluntária;Venda;;;;;;;04/08/2023;Natimorto;1;0;;;;;;;09/10/2023;Inseminação Artificial;JORBESON NUNES;CIO NATURAL;;METEORO;;C;Girolando;1;;;Principal - Leite;03/11/2023;NEGATIVO;;;;;;;;2492;0;;0;45;;;;;04/08/2023;;2492;
;;Fazenda Estreito Ponte de Pedra;416;01/01/2021;01/01/2021;01/01/2022;Girolando;04/12/2025;Voluntária;Venda;;;;;;;04/08/2023;Natimorto;1;0;;;;;;;04/11/2023;Inseminação Artificial;JORBESON NUNES;CIO NATURAL;;ROBO;;C;Girolando;2;26;;Principal - Leite;11/12/2023;POSITIVO;;;;;;;;2492;0;;0;45;;;;;04/08/2023;;2492;
;;Fazenda Estreito Ponte de Pedra;417;01/01/2018;01/01/2018;01/01/2019;Girolando;28/12/2025;Voluntária;Abate;;;;;;;;;0;;;;;;;;15/02/2023;Cobertura;;CIO NATURAL;;TOURO;;;Girolando;1;;;Principal - Leite;30/03/2023;POSITIVO;;;;;;;;;0;;0;45;20/11/2023;Normal;;;20/11/2023;27/03/2025;8111;
;;Fazenda Estreito Ponte de Pedra;417;01/01/2018;01/01/2018;01/01/2019;Girolando;28/12/2025;Voluntária;Abate;;;;;;;20/11/2023;Normal;1;0;;;;;;;14/12/2023;Inseminação Artificial;JORBESON NUNES;CIO NATURAL;;CAMPEAO FIV RIO DO L;;C;Girolando;1;;;Principal - Leite;08/02/2024;NEGATIVO;;;;;;;;12910,251;0;;0;45;;;;;20/11/2023;27/03/2025;8111;
;;Fazenda Estreito Ponte de Pedra;417;01/01/2018;01/01/2018;01/01/2019;Girolando;28/12/2025;Voluntária;Abate;;;;;;;20/11/2023;Normal;1;0;;;;;;;19/02/2024;Inseminação Artificial;JORBESON NUNES;CIO NATURAL;;SUCESSOR;;C;Girolando;2;67;;Principal - Leite;26/03/2024;NEGATIVO;;;;;;;;12910,251;0;;0;45;;;;;20/11/2023;27/03/2025;8111;
;;Fazenda Estreito Ponte de Pedra;417;01/01/2018;01/01/2018;01/01/2019;Girolando;28/12/2025;Voluntária;Abate;;;;;;;20/11/2023;Normal;1;0;;;;;;;06/04/2024;Inseminação Artificial;JORBESON NUNES;CIO NATURAL;;SUCESSOR;;C;Girolando;3;47;;Principal - Leite;16/05/2024;NEGATIVO;;;;;;;;12910,251;0;;0;45;;;;;20/11/2023;27/03/2025;8111;
;;Fazenda Estreito Ponte de Pedra;417;01/01/2018;01/01/2018;01/01/2019;Girolando;28/12/2025;Voluntária;Abate;;;;;;;20/11/2023;Normal;1;0;;;;;;;27/05/2024;Inseminação Artificial;JORBESON NUNES;CIO NATURAL;;ROBO;;C;Girolando;4;51;;Principal - Leite;27/06/2024;NEGATIVO;;;;;;;;12910,251;0;;0;45;;;;;20/11/2023;27/03/2025;8111;
;;Fazenda Estreito Ponte de Pedra;417;01/01/2018;01/01/2018;01/01/2019;Girolando;28/12/2025;Voluntária;Abate;;;;;;;20/11/2023;Normal;1;0;;;;;;;08/07/2024;Inseminação Artificial;JORBESON NUNES;CIO NATURAL;;ROBO;;C;Girolando;5;42;;Principal - Leite;08/08/2024;POSITIVO;;;;;;;;12910,251;0;;0;45;18/04/2025;Normal;F;;20/11/2023;27/03/2025;8111;
;;Fazenda Estreito Ponte de Pedra;418;01/01/2018;01/01/2018;01/01/2019;Girolando;28/12/2025;Voluntária;Abate;;;;;;;;;0;;;;;;;;10/01/2023;Cobertura;;CIO NATURAL;;TOURO;;;Girolando;1;;;Principal - Leite;10/02/2023;POSITIVO;;;;;;;;;0;;0;45;29/10/2023;Normal;;;29/10/2023;29/08/2024;6132,059;
;;Fazenda Estreito Ponte de Pedra;418;01/01/2018;01/01/2018;01/01/2019;Girolando;28/12/2025;Voluntária;Abate;;;;;;;29/10/2023;Normal;1;0;;;;;;;14/12/2023;Inseminação Artificial;JORBESON NUNES;CIO NATURAL;;CAMPEAO FIV RIO DO L;;C;Girolando;1;;;Principal - Leite;08/02/2024;NEGATIVO;;;;;;;;6132,059;0;;0;45;;;;;29/10/2023;29/08/2024;6132,059;
;;Fazenda Estreito Ponte de Pedra;418;01/01/2018;01/01/2018;01/01/2019;Girolando;28/12/2025;Voluntária;Abate;;;;;;;29/10/2023;Normal;1;0;;;;;;;19/02/2024;Inseminação Artificial;JORBESON NUNES;CIO NATURAL;;ROBO;;C;Girolando;2;67;;Principal - Leite;26/03/2024;POSITIVO;;;;;;;;6132,059;0;;0;45;25/11/2024;Normal;F;;29/10/2023;29/08/2024;6132,059;
;;Fazenda Estreito Ponte de Pedra;418;01/01/2018;01/01/2018;01/01/2019;Girolando;28/12/2025;Voluntária;Abate;;;;;;;25/11/2024;Normal;2;0;NÃO;F;;;;;23/02/2025;Inseminação Artificial;JORBESON NUNES;CIO NATURAL;;-53431;;C;Girolando;1;;;Principal - Leite;27/03/2025;POSITIVO;;;;;6132,059;305;88;4691,56;0;;0;45;30/11/2025;Normal;;;29/10/2023;29/08/2024;6132,059;
;;Fazenda Estreito Ponte de Pedra;419;01/01/2018;01/01/2018;01/01/2019;Girolando;04/12/2025;Voluntária;Venda;;;;;;;;;0;;;;;;;;30/11/2022;Cobertura;;CIO NATURAL;;TOURO;;;Girolando;1;;;Principal - Leite;30/01/2023;POSITIVO;;;;;;;;;0;;0;45;06/10/2023;Normal;F;;06/10/2023;;3258;
;;Fazenda Estreito Ponte de Pedra;419;01/01/2018;01/01/2018;01/01/2019;Girolando;04/12/2025;Voluntária;Venda;;;;;;;06/10/2023;Normal;1;0;NÃO;F;;;;;04/11/2023;Inseminação Artificial;JORBESON NUNES;CIO NATURAL;;ROBO;;C;Girolando;1;;;Principal - Leite;11/12/2023;POSITIVO;;;;;;;;3258;0;;0;45;;;;;06/10/2023;;3258;
;;Fazenda Estreito Ponte de Pedra;420;01/01/2016;01/01/2016;31/12/2016;Girolando;20/05/2026;Descarte involuntário;Venda;;;;;;;;;0;;;;;;;;29/04/2023;Inseminação Artificial;JORBESON NUNES;CIO NATURAL;;METEORO;;C;Girolando;1;;;Principal - Leite;01/06/2023;POSITIVO;;;;;;;;;0;;0;45;13/02/2024;Normal;F;;13/02/2024;22/01/2025;7565;
;;Fazenda Estreito Ponte de Pedra;420;01/01/2016;01/01/2016;31/12/2016;Girolando;20/05/2026;Descarte involuntário;Venda;;;;;;;13/02/2024;Normal;1;0;NÃO;F;;;;;06/04/2024;Inseminação Artificial;JORBESON NUNES;CIO NATURAL;;SUCESSOR;;C;Girolando;1;;;Principal - Leite;16/05/2024;NEGATIVO;;;;;;;;8294,936;0;;0;45;;;;;13/02/2024;22/01/2025;7565;
;;Fazenda Estreito Ponte de Pedra;420;01/01/2016;01/01/2016;31/12/2016;Girolando;20/05/2026;Descarte involuntário;Venda;;;;;;;13/02/2024;Normal;1;0;NÃO;F;;;;;27/05/2024;Inseminação Artificial;JORBESON NUNES;CIO NATURAL;;ROBO;;C;Girolando;2;51;;Principal - Leite;16/06/2024;NEGATIVO;;;;;;;;8294,936;0;;0;45;;;;;13/02/2024;22/01/2025;7565;
;;Fazenda Estreito Ponte de Pedra;420;01/01/2016;01/01/2016;31/12/2016;Girolando;20/05/2026;Descarte involuntário;Venda;;;;;;;13/02/2024;Normal;1;0;NÃO;F;;;;;17/06/2024;Inseminação Artificial;JORBESON NUNES;CIO NATURAL;;ROBO;;C;Girolando;3;21;;Principal - Leite;08/08/2024;POSITIVO;;;;;;;;8294,936;0;;0;45;26/03/2025;Normal;F;;13/02/2024;22/01/2025;7565;
;;Fazenda Estreito Ponte de Pedra;420;01/01/2016;01/01/2016;31/12/2016;Girolando;20/05/2026;Descarte involuntário;Venda;;;;;;;26/03/2025;Normal;2;0;NÃO;F;;;;;26/05/2025;Inseminação Artificial;JORBESON NUNES;CIO NATURAL;;-53431;;C;Girolando;1;;;Principal - Leite;01/07/2025;POSITIVO;08/08/2025;DIAGNÓSTICO;;;8294,936;344;63;4716,266;0;;0;45;;;;;13/02/2024;22/01/2025;7565;
;;Fazenda Estreito Ponte de Pedra;420;01/01/2016;01/01/2016;31/12/2016;Girolando;20/05/2026;Descarte involuntário;Venda;;;;;;;26/03/2025;Normal;2;0;NÃO;F;;;;;19/08/2025;Inseminação Artificial;LEOMIR BONFIM;CIO NATURAL;;ROBO;;C;Girolando;2;85;;Principal - Leite;23/09/2025;POSITIVO;;;;;8294,936;344;63;4716,266;0;;0;45;;;;;13/02/2024;22/01/2025;7565;
;;Fazenda Estreito Ponte de Pedra;421 BORDADA;01/01/2016;01/01/2016;31/12/2016;Girolando;28/12/2025;Voluntária;Abate;;;;;;;;;0;;;;;;;;19/11/2022;Cobertura;;CIO NATURAL;;TOURO;;;Girolando;1;;;Principal - Leite;19/03/2023;POSITIVO;;;;;;;;;0;;0;45;04/09/2023;Normal;F;;04/09/2023;22/01/2025;7036;
;;Fazenda Estreito Ponte de Pedra;421 BORDADA;01/01/2016;01/01/2016;31/12/2016;Girolando;28/12/2025;Voluntária;Abate;;;;;;;04/09/2023;Normal;1;0;NÃO;F;;;;;04/11/2023;Inseminação Artificial;JORBESON NUNES;CIO NATURAL;;ROBO;;C;Girolando;1;;;Principal - Leite;11/12/2023;POSITIVO;08/02/2024;DIAGNÓSTICO;;;;;;9645,167;0;;0;45;;;;;04/09/2023;22/01/2025;7036;
;;Fazenda Estreito Ponte de Pedra;421 BORDADA;01/01/2016;01/01/2016;31/12/2016;Girolando;28/12/2025;Voluntária;Abate;;;;;;;04/09/2023;Normal;1;0;NÃO;F;;;;;19/02/2024;Inseminação Artificial;JORBESON NUNES;CIO NATURAL;;ROBO;;C;Girolando;2;107;;Principal - Leite;26/03/2024;NEGATIVO;;;;;;;;9645,167;0;;0;45;;;;;04/09/2023;22/01/2025;7036;
;;Fazenda Estreito Ponte de Pedra;421 BORDADA;01/01/2016;01/01/2016;31/12/2016;Girolando;28/12/2025;Voluntária;Abate;;;;;;;04/09/2023;Normal;1;0;NÃO;F;;;;;06/04/2024;Inseminação Artificial;JORBESON NUNES;CIO NATURAL;;ROBO;;C;Girolando;3;47;;Principal - Leite;16/05/2024;NEGATIVO;;;;;;;;9645,167;0;;0;45;;;;;04/09/2023;22/01/2025;7036;
;;Fazenda Estreito Ponte de Pedra;421 BORDADA;01/01/2016;01/01/2016;31/12/2016;Girolando;28/12/2025;Voluntária;Abate;;;;;;;04/09/2023;Normal;1;0;NÃO;F;;;;;27/05/2024;Inseminação Artificial;JORBESON NUNES;CIO NATURAL;;ROBO;;C;Girolando;4;51;;Principal - Leite;16/06/2024;NEGATIVO;;;;;;;;9645,167;0;;0;45;;;;;04/09/2023;22/01/2025;7036;
;;Fazenda Estreito Ponte de Pedra;421 BORDADA;01/01/2016;01/01/2016;31/12/2016;Girolando;28/12/2025;Voluntária;Abate;;;;;;;04/09/2023;Normal;1;0;NÃO;F;;;;;17/06/2024;Inseminação Artificial;JORBESON NUNES;CIO NATURAL;;ROBO;;C;Girolando;5;21;;Principal - Leite;08/08/2024;POSITIVO;;;;;;;;9645,167;0;;0;45;19/03/2025;Normal;;;04/09/2023;22/01/2025;7036;
;;Fazenda Estreito Ponte de Pedra;421 BORDADA;01/01/2016;01/01/2016;31/12/2016;Girolando;28/12/2025;Voluntária;Abate;;;;;;;19/03/2025;Normal;2;0;;;;;;;26/05/2025;Inseminação Artificial;JORBESON NUNES;CIO NATURAL;;-53431;;C;Girolando;1;;;Principal - Leite;01/07/2025;NEGATIVO;;;;;9645,167;506;56;4772,636;0;;0;45;;;;;04/09/2023;22/01/2025;7036;
;;Fazenda Estreito Ponte de Pedra;421 BORDADA;01/01/2016;01/01/2016;31/12/2016;Girolando;28/12/2025;Voluntária;Abate;;;;;;;19/03/2025;Normal;2;0;;;;;;;12/07/2025;Inseminação Artificial;JORBESON NUNES;CIO NATURAL;;-867;;C;Girolando;2;47;;Principal - Leite;08/08/2025;POSITIVO;23/09/2025;DIAGNÓSTICO;;;9645,167;506;56;4772,636;0;;0;45;;;;;04/09/2023;22/01/2025;7036;
;;Fazenda Estreito Ponte de Pedra;421 BORDADA;01/01/2016;01/01/2016;31/12/2016;Girolando;28/12/2025;Voluntária;Abate;;;;;;;19/03/2025;Normal;2;0;;;;;;;04/10/2025;Inseminação Artificial;LEOMIR BONFIM;CIO NATURAL;;A.R.K. MYTYME HILLUX;;C;Girolando;3;84;;Principal - Leite;07/11/2025;NEGATIVO;;;;;9645,167;506;56;4772,636;0;;0;45;;;;;04/09/2023;22/01/2025;7036;
;;Fazenda Estreito Ponte de Pedra;422;01/01/2018;01/01/2018;01/01/2019;Jersey;;;;;;;;;;;;0;;;;;;;;22/12/2023;Inseminação Artificial;JORBESON NUNES;CIO NATURAL;;ROBO;;C;Girolando;1;;;Principal - Leite;08/02/2024;NEGATIVO;;;;;;;;;0;;0;45;;;;;17/04/2025;24/03/2026;7689;
;;Fazenda Estreito Ponte de Pedra;422;01/01/2018;01/01/2018;01/01/2019;Jersey;;;;;;;;;;;;0;;;;;;;;10/02/2024;Inseminação Artificial;JORBESON NUNES;CIO NATURAL;;ROBO;;C;Girolando;2;50;;Principal - Leite;26/03/2024;NEGATIVO;;;;;;;;;0;;0;45;;;;;17/04/2025;24/03/2026;7689;
;;Fazenda Estreito Ponte de Pedra;422;01/01/2018;01/01/2018;01/01/2019;Jersey;;;;;;;;;;;;0;;;;;;;;06/04/2024;Inseminação Artificial;JORBESON NUNES;CIO NATURAL;;ROBO;;C;Girolando;3;56;;Principal - Leite;16/05/2024;NEGATIVO;;;;;;;;;0;;0;45;;;;;17/04/2025;24/03/2026;7689;
;;Fazenda Estreito Ponte de Pedra;422;01/01/2018;01/01/2018;01/01/2019;Jersey;;;;;;;;;;;;0;;;;;;;;27/05/2024;Inseminação Artificial;JORBESON NUNES;CIO NATURAL;;ROBO;;C;Girolando;4;51;;Principal - Leite;27/06/2024;NEGATIVO;;;;;;;;;0;;0;45;;;;;17/04/2025;24/03/2026;7689;
;;Fazenda Estreito Ponte de Pedra;422;01/01/2018;01/01/2018;01/01/2019;Jersey;;;;;;;;;;;;0;;;;;;;;08/07/2024;Inseminação Artificial;JORBESON NUNES;CIO NATURAL;;ROBO;;C;Girolando;5;42;;Principal - Leite;08/08/2024;POSITIVO;;;;;;;;;0;;0;45;17/04/2025;Natimorto;;;17/04/2025;24/03/2026;7689;
;;Fazenda Estreito Ponte de Pedra;422;01/01/2018;01/01/2018;01/01/2019;Jersey;;;;;;;;;;17/04/2025;Natimorto;1;0;;;;;;;12/10/2025;Inseminação Artificial;LEOMIR BONFIM;CIO NATURAL;;A.R.K. MYTYME HILLUX;;C;Girolando;1;;;Principal - Leite;18/12/2025;NEGATIVO;;;;;;;;8387,5;0;;0;45;;;;;17/04/2025;24/03/2026;7689;
;;Fazenda Estreito Ponte de Pedra;422;01/01/2018;01/01/2018;01/01/2019;Jersey;;;;;;;;;;17/04/2025;Natimorto;1;0;;;;;;;29/12/2025;Inseminação Artificial;LEOMIR BONFIM;PROTOCOLO IATF;PROTOCOLO IATF D0 A D11;A.R.K. MYTYME HILLUX;;C;Girolando;2;78;;Principal - Leite;05/02/2026;NEGATIVO;;;;352;;;;8387,5;0;;0;45;;;;;17/04/2025;24/03/2026;7689;
;;Fazenda Estreito Ponte de Pedra;422;01/01/2018;01/01/2018;01/01/2019;Jersey;;;;;;;;;;17/04/2025;Natimorto;1;0;;;;;;;16/02/2026;Inseminação Artificial;LEOMIR BONFIM;PROTOCOLO IATF;PROTOCOLO IATF D0 A D11;A.R.K. MYTYME HILLUX;;C;Girolando;3;49;;Principal - Leite;12/03/2026;NEGATIVO;;;;;;;;8387,5;0;;0;45;;;;;17/04/2025;24/03/2026;7689;
;;Fazenda Estreito Ponte de Pedra;422;01/01/2018;01/01/2018;01/01/2019;Jersey;;;;;;;;;;17/04/2025;Natimorto;1;0;;;;;;;12/03/2026;Cobertura;;CIO NATURAL;;SEVAVERDE;;;Holandês;4;24;;Principal - Leite;01/04/2026;NEGATIVO;;;;;;;;8387,5;0;;0;45;;;;;17/04/2025;24/03/2026;7689;
;;Fazenda Estreito Ponte de Pedra;422;01/01/2018;01/01/2018;01/01/2019;Jersey;;;;;;;;;;17/04/2025;Natimorto;1;0;;;;;;;01/04/2026;Cobertura;;CIO NATURAL;;SEVAVERDE;;;Holandês;5;20;;Principal - Leite;29/04/2026;NEGATIVO;;;;;;;;8387,5;0;;0;45;;;;;17/04/2025;24/03/2026;7689;
;;Fazenda Estreito Ponte de Pedra;422;01/01/2018;01/01/2018;01/01/2019;Jersey;;;;;;;;;;17/04/2025;Natimorto;1;0;;;;;;;01/05/2026;Cobertura;;CIO NATURAL;;SEVAVERDE;;;Holandês;6;30;;Principal - Leite;12/06/2026;POSITIVO;03/07/2026;DIAGNÓSTICO;;;;;;8387,5;0;;0;45;;;;;17/04/2025;24/03/2026;7689;
;;Fazenda Estreito Ponte de Pedra;423 GALEGA;01/01/2018;01/01/2018;01/01/2019;Holandês;04/12/2025;Morte;Hipocalcemia;;;;;;;;;0;;;;;;;;10/10/2023;Inseminação Artificial;THIAGO ALPHA ABS;CIO NATURAL;;TOURO;;C;Girolando;1;;;Principal - Leite;11/11/2023;POSITIVO;;;;;;;;;0;;0;45;;;;;;;;
;;Fazenda Estreito Ponte de Pedra;424 COSTELA;01/01/2018;01/01/2018;01/01/2019;Girolando;04/12/2025;Morte;Hipocalcemia;;;;;;;;;0;;;;;;;;11/10/2023;Inseminação Artificial;THIAGO ALPHA ABS;CIO NATURAL;;TOURO;;C;Girolando;1;;;Principal - Leite;11/11/2023;POSITIVO;;;;;;;;;0;;0;45;;;;;;;;
;;Fazenda Estreito Ponte de Pedra;425 BALEIA;01/01/2018;01/01/2018;01/01/2019;Girolando;04/12/2025;Morte;Neosporose;;;;;;;;;0;;;;;;;;10/05/2023;Inseminação Artificial;THIAGO ALPHA ABS;CIO NATURAL;;TOURO;;C;Girolando;1;;;Principal - Leite;11/06/2023;POSITIVO;;;;;;;;;0;;0;45;18/12/2023;Normal;;;18/12/2023;;5814;
;;Fazenda Estreito Ponte de Pedra;425 BALEIA;01/01/2018;01/01/2018;01/01/2019;Girolando;04/12/2025;Morte;Neosporose;;;;;;;18/12/2023;Normal;1;0;;;;;;;17/01/2024;Inseminação Artificial;JORBESON NUNES;CIO NATURAL;;ROBO;;C;Girolando;1;;;Principal - Leite;;ABERTO;;;;;;;;5814;0;;0;45;;;;;18/12/2023;;5814;
;;Fazenda Estreito Ponte de Pedra;426 DILOM;01/01/2018;01/01/2018;01/01/2019;Holandês;04/12/2025;Morte;Outras;;;;;;;;;0;;;;;;;;22/12/2023;Inseminação Artificial;JORBESON NUNES;CIO NATURAL;;ROBO;;C;Girolando;1;;;Principal - Leite;08/02/2024;NEGATIVO;;;;;;;;;0;;0;45;;;;;19/05/2025;;1250;
;;Fazenda Estreito Ponte de Pedra;426 DILOM;01/01/2018;01/01/2018;01/01/2019;Holandês;04/12/2025;Morte;Outras;;;;;;;;;0;;;;;;;;19/02/2024;Inseminação Artificial;JORBESON NUNES;CIO NATURAL;;ROBO;;C;Girolando;2;59;;Principal - Leite;26/03/2024;NEGATIVO;;;;;;;;;0;;0;45;;;;;19/05/2025;;1250;
;;Fazenda Estreito Ponte de Pedra;426 DILOM;01/01/2018;01/01/2018;01/01/2019;Holandês;04/12/2025;Morte;Outras;;;;;;;;;0;;;;;;;;06/04/2024;Inseminação Artificial;JORBESON NUNES;CIO NATURAL;;CAMPEAO FIV RIO DO L;;C;Girolando;3;47;;Principal - Leite;16/05/2024;NEGATIVO;;;;;;;;;0;;0;45;;;;;19/05/2025;;1250;
;;Fazenda Estreito Ponte de Pedra;426 DILOM;01/01/2018;01/01/2018;01/01/2019;Holandês;04/12/2025;Morte;Outras;;;;;;;;;0;;;;;;;;27/05/2024;Inseminação Artificial;JORBESON NUNES;CIO NATURAL;;ROBO;;C;Girolando;4;51;;Principal - Leite;16/06/2024;NEGATIVO;;;;;;;;;0;;0;45;;;;;19/05/2025;;1250;
;;Fazenda Estreito Ponte de Pedra;426 DILOM;01/01/2018;01/01/2018;01/01/2019;Holandês;04/12/2025;Morte;Outras;;;;;;;;;0;;;;;;;;17/06/2024;Inseminação Artificial;JORBESON NUNES;CIO NATURAL;;ROBO;;C;Girolando;5;21;;Principal - Leite;08/08/2024;NEGATIVO;;;;;;;;;0;;0;45;;;;;19/05/2025;;1250;
;;Fazenda Estreito Ponte de Pedra;426 DILOM;01/01/2018;01/01/2018;01/01/2019;Holandês;04/12/2025;Morte;Outras;;;;;;;;;0;;;;;;;;19/08/2024;Inseminação Artificial;JORBESON NUNES;CIO NATURAL;;ROBO;;C;Girolando;6;63;;Principal - Leite;26/09/2024;POSITIVO;;;;;;;;;0;;0;45;19/05/2025;Normal;;;19/05/2025;;1250;
;;Fazenda Estreito Ponte de Pedra;427;01/07/2019;01/07/2019;30/06/2020;Girolando;;;;;;;;;;;;0;;;;;;;;11/10/2023;Inseminação Artificial;THIAGO ALPHA ABS;CIO NATURAL;;TOURO;;C;Girolando;1;;;Principal - Leite;11/11/2023;POSITIVO;;;;;;;;;0;;0;45;19/07/2024;Normal;F;;19/07/2024;28/07/2025;8463;
;;Fazenda Estreito Ponte de Pedra;427;01/07/2019;01/07/2019;30/06/2020;Girolando;;;;;;;;;;19/07/2024;Normal;1;0;NÃO;F;;;;;21/09/2024;Inseminação Artificial;JORBESON NUNES;CIO NATURAL;;ROBO;;C;Girolando;1;;;Principal - Leite;07/11/2024;NEGATIVO;;;;;;;;10584,25;0;;0;45;;;;;19/07/2024;28/07/2025;8463;
;;Fazenda Estreito Ponte de Pedra;427;01/07/2019;01/07/2019;30/06/2020;Girolando;;;;;;;;;;19/07/2024;Normal;1;0;NÃO;F;;;;;18/11/2024;Inseminação Artificial;JORBESON NUNES;CIO NATURAL;;ROBO;;C;Girolando;2;58;;Principal - Leite;19/12/2024;NEGATIVO;;;;;;;;10584,25;0;;0;45;;;;;19/07/2024;28/07/2025;8463;
;;Fazenda Estreito Ponte de Pedra;427;01/07/2019;01/07/2019;30/06/2020;Girolando;;;;;;;;;;19/07/2024;Normal;1;0;NÃO;F;;;;;30/12/2024;Inseminação Artificial;JORBESON NUNES;CIO NATURAL;;ROBO;;C;Girolando;3;42;;Principal - Leite;10/02/2025;POSITIVO;;;;;;;;10584,25;0;;0;45;05/10/2025;Normal;;;19/07/2024;28/07/2025;8463;
;;Fazenda Estreito Ponte de Pedra;427;01/07/2019;01/07/2019;30/06/2020;Girolando;;;;;;;;;;05/10/2025;Normal;2;0;;;;;;;04/12/2025;Cobertura;;CIO NATURAL;;SEVAVERDE;;;Holandês;1;;;Principal - Leite;15/01/2026;NEGATIVO;;;;352;10584,25;374;69;5144;0;3;0;45;;;;;19/07/2024;28/07/2025;8463;
;;Fazenda Estreito Ponte de Pedra;427;01/07/2019;01/07/2019;30/06/2020;Girolando;;;;;;;;;;05/10/2025;Normal;2;0;;;;;;;26/01/2026;Inseminação Artificial;LEOMIR BONFIM;PROTOCOLO IATF;PROTOCOLO IATF D0 A D11;A.R.K. MYTYME HILLUX;;C;Girolando;2;53;;Principal - Leite;26/02/2026;NEGATIVO;;;;352;10584,25;374;69;5144;0;;0;45;;;;;19/07/2024;28/07/2025;8463;
;;Fazenda Estreito Ponte de Pedra;427;01/07/2019;01/07/2019;30/06/2020;Girolando;;;;;;;;;;05/10/2025;Normal;2;0;;;;;;;09/03/2026;Inseminação Artificial;LEOMIR BONFIM;PROTOCOLO IATF;PROTOCOLO IATF D0 A D11;A.R.K. MYTYME HILLUX;;C;Girolando;3;42;;Principal - Leite;30/03/2026;NEGATIVO;;;;;10584,25;374;69;5144;0;;0;45;;;;;19/07/2024;28/07/2025;8463;
;;Fazenda Estreito Ponte de Pedra;427;01/07/2019;01/07/2019;30/06/2020;Girolando;;;;;;;;;;05/10/2025;Normal;2;0;;;;;;;30/03/2026;Inseminação Artificial;LEOMIR BONFIM;CIO NATURAL;;A.R.K. MYTYME HILLUX;;C;Girolando;4;21;;Principal - Leite;21/04/2026;NEGATIVO;;;;;10584,25;374;69;5144;0;;0;45;;;;;19/07/2024;28/07/2025;8463;
;;Fazenda Estreito Ponte de Pedra;427;01/07/2019;01/07/2019;30/06/2020;Girolando;;;;;;;;;;05/10/2025;Normal;2;0;;;;;;;21/04/2026;Inseminação Artificial;LEOMIR BONFIM;CIO NATURAL;;COORS;;C;Holandês;5;22;;Principal - Leite;13/05/2026;NEGATIVO;;;;;10584,25;374;69;5144;0;;0;45;;;;;19/07/2024;28/07/2025;8463;
;;Fazenda Estreito Ponte de Pedra;427;01/07/2019;01/07/2019;30/06/2020;Girolando;;;;;;;;;;05/10/2025;Normal;2;0;;;;;;;13/05/2026;Cobertura;;CIO NATURAL;;SEVAVERDE;;;Holandês;6;22;;Principal - Leite;12/06/2026;NEGATIVO;;;;;10584,25;374;69;5144;0;;0;45;;;;;19/07/2024;28/07/2025;8463;
;;Fazenda Estreito Ponte de Pedra;427;01/07/2019;01/07/2019;30/06/2020;Girolando;;;;;;;;;;05/10/2025;Normal;2;0;;;;;;;23/06/2026;Inseminação Artificial;LEOMIR BONFIM;PROTOCOLO IATF;PROTOCOLO IATF D0 A D11;GUINESS;;C;Holandês;7;41;;Principal - Leite;;ABERTO;;;;;10584,25;374;69;5144;0;;0;45;;;;;19/07/2024;28/07/2025;8463;
;;Fazenda Estreito Ponte de Pedra;428;01/07/2023;01/07/2023;30/06/2024;Girolando;;;;;;;;;;;;0;;;;;;;;25/11/2024;Cobertura;;CIO NATURAL;;N. INF;;;Girolando;1;;;Principal - Leite;23/12/2024;POSITIVO;;;;;;;;;0;;0;45;16/09/2025;Normal;M;;16/09/2025;;7347;
;;Fazenda Estreito Ponte de Pedra;428;01/07/2023;01/07/2023;30/06/2024;Girolando;;;;;;;;;;16/09/2025;Normal;1;0;NÃO;M;;;;;29/12/2025;Inseminação Artificial;LEOMIR BONFIM;PROTOCOLO IATF;PROTOCOLO IATF D0 A D11;A.R.K. STARGAZER MES;;C;Girolando;1;;;Principal - Leite;05/02/2026;POSITIVO;;;;352;;;;7347;0;;0;45;;;;;16/09/2025;;7347;
;;Fazenda Estreito Ponte de Pedra;429;01/07/2023;01/07/2023;30/06/2024;Girolando;;;;;;;;;;;;0;;;;;;;;25/11/2024;Cobertura;;CIO NATURAL;;N. INF;;;Girolando;1;;;Principal - Leite;23/12/2024;POSITIVO;;;;;;;;;0;;0;45;16/09/2025;Normal;M;;16/09/2025;;8691;
;;Fazenda Estreito Ponte de Pedra;429;01/07/2023;01/07/2023;30/06/2024;Girolando;;;;;;;;;;16/09/2025;Normal;1;0;NÃO;M;;;;;18/11/2025;Inseminação Artificial;;CIO NATURAL;;A.R.K. STARGAZER MES;;C;Girolando;1;;;Principal - Leite;18/12/2025;POSITIVO;;;;;;;;8691;0;;0;45;;;;;16/09/2025;;8691;
;;Fazenda Estreito Ponte de Pedra;430;01/07/2023;01/07/2023;30/06/2024;Girolando;;;;;;;;;;;;0;;;;;;;;03/12/2024;Cobertura;;CIO NATURAL;;N. INF;;;Girolando;1;;;Principal - Leite;31/12/2024;POSITIVO;;;;;;;;;0;;0;45;24/09/2025;Normal;M;;24/09/2025;;6559;
;;Fazenda Estreito Ponte de Pedra;430;01/07/2023;01/07/2023;30/06/2024;Girolando;;;;;;;;;;24/09/2025;Normal;1;0;NÃO;M;;;;;18/11/2025;Inseminação Artificial;LEOMIR BONFIM;CIO NATURAL;;A.R.K. STARGAZER MES;;C;Girolando;1;;;Principal - Leite;18/12/2025;POSITIVO;;;;;;;;6559;0;;0;45;;;;;24/09/2025;;6559;
;;Fazenda Estreito Ponte de Pedra;431;13/02/2021;13/02/2021;13/02/2022;Holandês;;;;;;;;;;;;0;;;;;;;;22/11/2024;Cobertura;;CIO NATURAL;;N. INF;;;Holandês;1;;;Principal - Leite;20/12/2024;POSITIVO;;;;;;;;;0;;0;45;01/09/2025;Normal;M;;01/09/2025;27/05/2026;5978;
;;Fazenda Estreito Ponte de Pedra;431;13/02/2021;13/02/2021;13/02/2022;Holandês;;;;;;;;;;01/09/2025;Normal;1;0;NÃO;M;;;;;16/10/2025;Inseminação Artificial;LEOMIR BONFIM;CIO NATURAL;;A.R.K. STARGAZER MES;;C;Girolando;1;;;Principal - Leite;18/12/2025;POSITIVO;08/06/2026;ABORTO;;;;;;5978;0;;0;45;08/06/2026;Aborto;;;01/09/2025;27/05/2026;5978;
;;Fazenda Estreito Ponte de Pedra;432;11/06/2023;11/06/2023;10/06/2024;Holandês;;;;;;;LUZIO;;;;;0;;;;;;;;30/10/2024;Cobertura;;CIO NATURAL;;N. INF;;;Holandês;1;;;Principal - Leite;27/11/2024;POSITIVO;;;;;;;;;0;;0;45;09/08/2025;Normal;M;;09/08/2025;29/06/2026;7531;
;;Fazenda Estreito Ponte de Pedra;432;11/06/2023;11/06/2023;10/06/2024;Holandês;;;;;;;LUZIO;;;09/08/2025;Normal;1;0;NÃO;M;;;;;18/11/2025;Inseminação Artificial;LEOMIR BONFIM;CIO NATURAL;;A.R.K. STARGAZER MES;;C;Girolando;1;;;Principal - Leite;18/12/2025;POSITIVO;;;;;;;;7866,5;0;;0;45;;;;;09/08/2025;29/06/2026;7531;
;;Fazenda Estreito Ponte de Pedra;433;04/04/2022;04/04/2022;04/04/2023;Holandês;;;;;;;;;;;;0;;;;;;;;10/11/2024;Cobertura;;CIO NATURAL;;N. INF;;;Holandês;1;;;Principal - Leite;08/12/2024;POSITIVO;;;;;;;;;0;;0;45;20/08/2025;Normal;M;;20/08/2025;29/06/2026;8885;
;;Fazenda Estreito Ponte de Pedra;433;04/04/2022;04/04/2022;04/04/2023;Holandês;;;;;;;;;;20/08/2025;Normal;1;0;NÃO;M;;;;;18/11/2025;Inseminação Artificial;LEOMIR BONFIM;CIO NATURAL;;A.R.K. STARGAZER MES;;C;Girolando;1;;;Principal - Leite;18/12/2025;POSITIVO;;;;;;;;9244,8;0;;0;45;;;;;20/08/2025;29/06/2026;8885;
;;Fazenda Estreito Ponte de Pedra;434;31/01/2023;31/01/2023;31/01/2024;Holandês;;;;;;;;;;;;0;;;;;;;;11/08/2024;Cobertura;;CIO NATURAL;;N. INF;;;Holandês;1;;;Principal - Leite;08/09/2024;POSITIVO;;;;;;;;;0;;0;45;21/05/2025;Normal;M;;21/05/2025;25/02/2026;5851,5;
;;Fazenda Estreito Ponte de Pedra;434;31/01/2023;31/01/2023;31/01/2024;Holandês;;;;;;;;;;21/05/2025;Normal;1;0;NÃO;M;;;;;16/08/2025;Inseminação Artificial;;CIO NATURAL;;DESCONHECIDO 0;;C;Girolando;1;;;Principal - Leite;07/11/2025;POSITIVO;26/02/2026;ABORTO;;;;;;5851,5;0;;0;45;26/02/2026;Aborto;;;21/05/2025;25/02/2026;5851,5;
;;Fazenda Estreito Ponte de Pedra;434;31/01/2023;31/01/2023;31/01/2024;Holandês;;;;;;;;;;26/02/2026;Aborto;2;0;;;;;;;19/06/2026;Inseminação Artificial;LEOMIR BONFIM;CIO NATURAL;;STORMY;;C;Holandês;1;;;Principal - Leite;;ABERTO;;;;;5851,5;280;1;3840;0;;0;45;;;;;21/05/2025;25/02/2026;5851,5;
;;Fazenda Estreito Ponte de Pedra;435;29/04/2023;29/04/2023;28/04/2024;Holandês;;;;;;;VALENTE;;;;;0;;;;;;;;31/10/2024;Cobertura;;CIO NATURAL;;N. INF;;;Holandês;1;;;Principal - Leite;28/11/2024;POSITIVO;;;;;;;;;0;;0;45;10/08/2025;Normal;M;;10/08/2025;;6806;
;;Fazenda Estreito Ponte de Pedra;435;29/04/2023;29/04/2023;28/04/2024;Holandês;;;;;;;VALENTE;;;10/08/2025;Normal;1;0;NÃO;M;;;;;06/11/2025;Inseminação Artificial;LEOMIR BONFIM;CIO NATURAL;;A.R.K. MYTYME HILLUX;;C;Girolando;1;;;Principal - Leite;16/12/2025;NEGATIVO;;;;;;;;6806;0;;0;45;;;;;10/08/2025;;6806;
;;Fazenda Estreito Ponte de Pedra;435;29/04/2023;29/04/2023;28/04/2024;Holandês;;;;;;;VALENTE;;;10/08/2025;Normal;1;0;NÃO;M;;;;;16/12/2025;Inseminação Artificial;LEOMIR BONFIM;CIO NATURAL;;A.R.K. STARGAZER MES;;C;Girolando;2;40;;Principal - Leite;15/01/2026;POSITIVO;;;;352;;;;6806;0;;0;45;;;;;10/08/2025;;6806;
;;Fazenda Estreito Ponte de Pedra;436;06/05/2023;06/05/2023;05/05/2024;Holandês;;;;;;;K85;;;;;0;;;;;;;;17/08/2024;Cobertura;;CIO NATURAL;;N. INF;;;Holandês;1;;;Principal - Leite;14/09/2024;POSITIVO;;;;;;;;;0;;0;45;27/05/2025;Normal;M;;27/05/2025;;8284;
;;Fazenda Estreito Ponte de Pedra;436;06/05/2023;06/05/2023;05/05/2024;Holandês;;;;;;;K85;;;27/05/2025;Normal;1;0;NÃO;M;;;;;16/08/2025;Inseminação Artificial;;CIO NATURAL;;DESCONHECIDO 0;;C;Girolando;1;;;Principal - Leite;04/11/2025;NEGATIVO;;;;;;;;8284;0;;0;45;;;;;27/05/2025;;8284;
;;Fazenda Estreito Ponte de Pedra;436;06/05/2023;06/05/2023;05/05/2024;Holandês;;;;;;;K85;;;27/05/2025;Normal;1;0;NÃO;M;;;;;06/11/2025;Inseminação Artificial;LEOMIR BONFIM;CIO NATURAL;;A.R.K. MYTYME HILLUX;;C;Girolando;2;82;;Principal - Leite;17/12/2025;NEGATIVO;;;;;;;;8284;0;;0;45;;;;;27/05/2025;;8284;
;;Fazenda Estreito Ponte de Pedra;436;06/05/2023;06/05/2023;05/05/2024;Holandês;;;;;;;K85;;;27/05/2025;Normal;1;0;NÃO;M;;;;;17/12/2025;Inseminação Artificial;LEOMIR BONFIM;CIO NATURAL;;A.R.K. STARGAZER MES;;C;Girolando;3;41;;Principal - Leite;15/01/2026;NEGATIVO;;;;352;;;;8284;0;;0;45;;;;;27/05/2025;;8284;
;;Fazenda Estreito Ponte de Pedra;436;06/05/2023;06/05/2023;05/05/2024;Holandês;;;;;;;K85;;;27/05/2025;Normal;1;0;NÃO;M;;;;;26/01/2026;Inseminação Artificial;LEOMIR BONFIM;PROTOCOLO IATF;PROTOCOLO IATF D0 A D11;A.R.K. STARGAZER MES;;C;Girolando;4;40;;Principal - Leite;20/03/2026;POSITIVO;;;;352;;;;8284;0;;0;45;;;;;27/05/2025;;8284;
;;Fazenda Estreito Ponte de Pedra;437;31/07/2022;31/07/2022;31/07/2023;Holandês;;;;;;;;;;;;0;;;;;;;;17/04/2024;Cobertura;;CIO NATURAL;;N. INF;;;Holandês;1;;;Principal - Leite;15/05/2024;POSITIVO;;;;;;;;;0;;0;45;25/01/2025;Normal;M;;25/01/2025;24/03/2026;7157;
;;Fazenda Estreito Ponte de Pedra;437;31/07/2022;31/07/2022;31/07/2023;Holandês;;;;;;;;;;25/01/2025;Normal;1;0;NÃO;M;;;;;16/08/2025;Inseminação Artificial;;CIO NATURAL;;DESCONHECIDO 0;;C;Girolando;1;;;Principal - Leite;07/11/2025;POSITIVO;;;;;;;;9545;0;;0;45;20/05/2026;Normal;M;;25/01/2025;24/03/2026;7157;
;;Fazenda Estreito Ponte de Pedra;450 FLORZINHA;05/06/2023;05/06/2023;04/06/2024;Girolando;09/12/2025;Voluntária;Venda;;;;TOURO;;;;;0;;;;;;;;23/02/2025;Cobertura;;CIO NATURAL;;TOURO;;;Girolando;1;;;Principal - Leite;23/03/2025;POSITIVO;;;;;;;;;0;;0;45;17/10/2025;Normal;;;17/10/2025;10/11/2025;0;
;;Fazenda Estreito Ponte de Pedra;453 MAIARA;27/06/2023;27/06/2023;26/06/2024;Girolando;09/12/2025;Voluntária;Venda;;;;TOURO;;;;;0;;;;;;;;23/01/2025;Cobertura;;CIO NATURAL;;TOURO;;;Girolando;1;;;Principal - Leite;23/02/2025;POSITIVO;;;;;;;;;0;;0;45;29/10/2025;Normal;F;;29/10/2025;10/11/2025;0;
;;Fazenda Estreito Ponte de Pedra;454 MARAISA;27/06/2023;27/06/2023;26/06/2024;Girolando;09/12/2025;Voluntária;Venda;;;;TOURO;;;;;0;;;;;;;;23/04/2025;Cobertura;;CIO NATURAL;;TOURO;;;Girolando;1;;;Principal - Leite;23/05/2025;POSITIVO;;;;;;;;;0;;0;45;;;;;;;;
;;Fazenda Estreito Ponte de Pedra;455;04/09/2023;04/09/2023;03/09/2024;Girolando;;;;;;;TOURO;;;;;0;;;;;;;;21/04/2026;Inseminação Artificial;LEOMIR BONFIM;PROTOCOLO IATF;PROTOCOLO IATF D0 A D11;A.R.K. MYTYME HILLUX;;C;Girolando;1;;;Principal - Leite;22/05/2026;POSITIVO;;;;;;;;;0;;0;45;;;;;;;;
;;Fazenda Estreito Ponte de Pedra;457-A;27/06/2019;27/06/2019;26/06/2020;Holandês;04/12/2025;Morte;Outras;;;;;;;;;0;;;;;;;;13/10/2023;Inseminação Artificial;THIAGO ALPHA ABS;CIO NATURAL;;TOURO;;C;Girolando;1;;;Principal - Leite;13/11/2023;POSITIVO;;;;;;;;;0;;0;45;13/07/2024;Normal;;;13/07/2024;18/09/2025;6980;
;;Fazenda Estreito Ponte de Pedra;457-A;27/06/2019;27/06/2019;26/06/2020;Holandês;04/12/2025;Morte;Outras;;;;;;;13/07/2024;Normal;1;0;;;;;;;30/08/2024;Inseminação Artificial;JORBESON NUNES;CIO NATURAL;;ROBO;;C;Girolando;1;;;Principal - Leite;07/11/2024;NEGATIVO;;;;;;;;8735,7;0;;0;45;;;;;13/07/2024;18/09/2025;6980;
;;Fazenda Estreito Ponte de Pedra;457-A;27/06/2019;27/06/2019;26/06/2020;Holandês;04/12/2025;Morte;Outras;;;;;;;13/07/2024;Normal;1;0;;;;;;;18/11/2024;Inseminação Artificial;JORBESON NUNES;CIO NATURAL;;ROBO;;C;Girolando;2;80;;Principal - Leite;19/12/2024;NEGATIVO;;;;;;;;8735,7;0;;0;45;;;;;13/07/2024;18/09/2025;6980;
;;Fazenda Estreito Ponte de Pedra;457-A;27/06/2019;27/06/2019;26/06/2020;Holandês;04/12/2025;Morte;Outras;;;;;;;13/07/2024;Normal;1;0;;;;;;;30/12/2024;Inseminação Artificial;JORBESON NUNES;CIO NATURAL;;ROBO;;C;Girolando;3;42;;Principal - Leite;10/02/2025;NEGATIVO;;;;;;;;8735,7;0;;0;45;;;;;13/07/2024;18/09/2025;6980;
;;Fazenda Estreito Ponte de Pedra;457-A;27/06/2019;27/06/2019;26/06/2020;Holandês;04/12/2025;Morte;Outras;;;;;;;13/07/2024;Normal;1;0;;;;;;;23/02/2025;Inseminação Artificial;JORBESON NUNES;CIO NATURAL;;-53431;;C;Girolando;4;55;;Principal - Leite;06/04/2025;NEGATIVO;;;;;;;;8735,7;0;;0;45;;;;;13/07/2024;18/09/2025;6980;
;;Fazenda Estreito Ponte de Pedra;457-A;27/06/2019;27/06/2019;26/06/2020;Holandês;04/12/2025;Morte;Outras;;;;;;;13/07/2024;Normal;1;0;;;;;;;07/04/2025;Inseminação Artificial;JORBESON NUNES;CIO NATURAL;;-53431;;C;Girolando;5;43;;Principal - Leite;15/05/2025;NEGATIVO;;;;;;;;8735,7;0;;0;45;;;;;13/07/2024;18/09/2025;6980;
;;Fazenda Estreito Ponte de Pedra;457-A;27/06/2019;27/06/2019;26/06/2020;Holandês;04/12/2025;Morte;Outras;;;;;;;13/07/2024;Normal;1;0;;;;;;;26/05/2025;Inseminação Artificial;JORBESON NUNES;CIO NATURAL;;-53431;;C;Girolando;6;49;;Principal - Leite;01/07/2025;NEGATIVO;;;;;;;;8735,7;0;;0;45;;;;;13/07/2024;18/09/2025;6980;
;;Fazenda Estreito Ponte de Pedra;457-A;27/06/2019;27/06/2019;26/06/2020;Holandês;04/12/2025;Morte;Outras;;;;;;;13/07/2024;Normal;1;0;;;;;;;12/07/2025;Inseminação Artificial;JORBESON NUNES;CIO NATURAL;;-867;;C;Girolando;7;47;;Principal - Leite;08/08/2025;NEGATIVO;;;;;;;;8735,7;0;;0;45;;;;;13/07/2024;18/09/2025;6980;
;;Fazenda Estreito Ponte de Pedra;457-A;27/06/2019;27/06/2019;26/06/2020;Holandês;04/12/2025;Morte;Outras;;;;;;;13/07/2024;Normal;1;0;;;;;;;19/08/2025;Inseminação Artificial;LEOMIR BONFIM;CIO NATURAL;;-867;;C;Girolando;8;38;;Principal - Leite;27/09/2025;NEGATIVO;;;;;;;;8735,7;0;;0;45;;;;;13/07/2024;18/09/2025;6980;
;;Fazenda Estreito Ponte de Pedra;457-A;27/06/2019;27/06/2019;26/06/2020;Holandês;04/12/2025;Morte;Outras;;;;;;;13/07/2024;Normal;1;0;;;;;;;28/09/2025;Inseminação Artificial;LEOMIR BONFIM;CIO NATURAL;;-867;;C;Girolando;9;40;;Principal - Leite;;ABERTO;;;;;;;;8735,7;0;;0;45;;;;;13/07/2024;18/09/2025;6980;
;;Fazenda Estreito Ponte de Pedra;459;07/02/2024;07/02/2024;06/02/2025;5/8 HO, GL;;;;;;;NABIL;;;;;0;;;;;;;;28/01/2026;Inseminação Artificial;LEOMIR BONFIM;CIO NATURAL;;A.R.K. MYTYME HILLUX;;C;Girolando;1;;;Principal - Leite;26/02/2026;POSITIVO;;;;;;;;;0;;0;45;;;;;;;;
;;Fazenda Estreito Ponte de Pedra;461;26/04/2024;26/04/2024;26/04/2025;Girolando;;;;;;;METEORO;;;;;0;;;;;;;;10/03/2026;Cobertura;;CIO NATURAL;;FREDERICO;;;Nelore;1;;;Principal - Leite;10/04/2026;POSITIVO;;;;;;;;;0;;0;45;;;;;;;;
;;Fazenda Estreito Ponte de Pedra;472;31/08/2019;31/08/2019;30/08/2020;Holandês;04/06/2026;Voluntária;Mastite ambiental;;;;;;;;;0;;;;;;;;30/10/2023;Inseminação Artificial;THIAGO ALPHA ABS;CIO NATURAL;;TOURO;;C;Girolando;1;;;Principal - Leite;30/11/2023;POSITIVO;;;;;;;;;0;;0;45;01/08/2024;Normal;F;;01/08/2024;02/10/2025;10030;
;;Fazenda Estreito Ponte de Pedra;472;31/08/2019;31/08/2019;30/08/2020;Holandês;04/06/2026;Voluntária;Mastite ambiental;;;;;;;01/08/2024;Normal;1;0;NÃO;F;;;;;07/10/2024;Inseminação Artificial;JORBESON NUNES;CIO NATURAL;;ROBO;;C;Girolando;1;;;Principal - Leite;07/11/2024;POSITIVO;19/12/2024;DIAGNÓSTICO;;;;;;12346,85;0;;0;45;;;;;01/08/2024;02/10/2025;10030;
;;Fazenda Estreito Ponte de Pedra;472;31/08/2019;31/08/2019;30/08/2020;Holandês;04/06/2026;Voluntária;Mastite ambiental;;;;;;;01/08/2024;Normal;1;0;NÃO;F;;;;;23/02/2025;Inseminação Artificial;JORBESON NUNES;CIO NATURAL;;-53431;;C;Girolando;2;139;;Principal - Leite;27/03/2025;POSITIVO;;;;;;;;12346,85;0;;0;45;28/11/2025;Natimorto;;;01/08/2024;02/10/2025;10030;
;;Fazenda Estreito Ponte de Pedra;472;31/08/2019;31/08/2019;30/08/2020;Holandês;04/06/2026;Voluntária;Mastite ambiental;;;;;;;28/11/2025;Natimorto;2;0;;;;;;;26/01/2026;Inseminação Artificial;LEOMIR BONFIM;PROTOCOLO IATF;PROTOCOLO IATF D0 A D11;A.R.K. MYTYME HILLUX;;C;Girolando;1;;;Principal - Leite;23/02/2026;NEGATIVO;;;;352;12346,85;427;57;4844,8;0;;0;45;;;;;01/08/2024;02/10/2025;10030;
;;Fazenda Estreito Ponte de Pedra;472;31/08/2019;31/08/2019;30/08/2020;Holandês;04/06/2026;Voluntária;Mastite ambiental;;;;;;;28/11/2025;Natimorto;2;0;;;;;;;23/02/2026;Inseminação Artificial;LEOMIR BONFIM;CIO NATURAL;;A.R.K. MYTYME HILLUX;;C;Girolando;2;28;;Principal - Leite;24/03/2026;NEGATIVO;;;;;12346,85;427;57;4844,8;0;;0;45;;;;;01/08/2024;02/10/2025;10030;
;;Fazenda Estreito Ponte de Pedra;472;31/08/2019;31/08/2019;30/08/2020;Holandês;04/06/2026;Voluntária;Mastite ambiental;;;;;;;28/11/2025;Natimorto;2;0;;;;;;;24/03/2026;Inseminação Artificial;LEOMIR BONFIM;CIO NATURAL;;A.R.K. MYTYME HILLUX;;C;Girolando;3;29;;Principal - Leite;14/04/2026;NEGATIVO;;;;;12346,85;427;57;4844,8;0;;0;45;;;;;01/08/2024;02/10/2025;10030;
;;Fazenda Estreito Ponte de Pedra;472;31/08/2019;31/08/2019;30/08/2020;Holandês;04/06/2026;Voluntária;Mastite ambiental;;;;;;;28/11/2025;Natimorto;2;0;;;;;;;14/04/2026;Cobertura;;CIO NATURAL;;SEVAVERDE;;;Holandês;4;21;;Principal - Leite;22/05/2026;NEGATIVO;;;;;12346,85;427;57;4844,8;0;;0;45;;;;;01/08/2024;02/10/2025;10030;
;;Fazenda Estreito Ponte de Pedra;50-A;17/09/2016;17/09/2016;17/09/2017;Holandês;04/12/2025;Morte;Neosporose;;;;;;;;;0;;;;;;;;21/11/2023;Inseminação Artificial;THIAGO ALPHA ABS;CIO NATURAL;;TOURO;;C;Girolando;1;;;Principal - Leite;11/01/2024;POSITIVO;;;;;;;;;0;;0;45;23/08/2024;Normal;;;23/08/2024;26/09/2025;7628;
;;Fazenda Estreito Ponte de Pedra;50-A;17/09/2016;17/09/2016;17/09/2017;Holandês;04/12/2025;Morte;Neosporose;;;;;;;23/08/2024;Normal;1;0;;;;;;;18/11/2024;Inseminação Artificial;JORBESON NUNES;CIO NATURAL;;ROBO;;C;Girolando;1;;;Principal - Leite;19/12/2024;NEGATIVO;;;;;;;;9565,7;0;;0;45;;;;;23/08/2024;26/09/2025;7628;
;;Fazenda Estreito Ponte de Pedra;50-A;17/09/2016;17/09/2016;17/09/2017;Holandês;04/12/2025;Morte;Neosporose;;;;;;;23/08/2024;Normal;1;0;;;;;;;30/12/2024;Inseminação Artificial;JORBESON NUNES;CIO NATURAL;;ROBO;;C;Girolando;2;42;;Principal - Leite;10/02/2025;NEGATIVO;;;;;;;;9565,7;0;;0;45;;;;;23/08/2024;26/09/2025;7628;
;;Fazenda Estreito Ponte de Pedra;50-A;17/09/2016;17/09/2016;17/09/2017;Holandês;04/12/2025;Morte;Neosporose;;;;;;;23/08/2024;Normal;1;0;;;;;;;23/02/2025;Inseminação Artificial;JORBESON NUNES;CIO NATURAL;;-53431;;C;Girolando;3;55;;Principal - Leite;06/04/2025;NEGATIVO;;;;;;;;9565,7;0;;0;45;;;;;23/08/2024;26/09/2025;7628;
;;Fazenda Estreito Ponte de Pedra;50-A;17/09/2016;17/09/2016;17/09/2017;Holandês;04/12/2025;Morte;Neosporose;;;;;;;23/08/2024;Normal;1;0;;;;;;;07/04/2025;Inseminação Artificial;JORBESON NUNES;CIO NATURAL;;-53431;;C;Girolando;4;43;;Principal - Leite;15/05/2025;NEGATIVO;;;;;;;;9565,7;0;;0;45;;;;;23/08/2024;26/09/2025;7628;
;;Fazenda Estreito Ponte de Pedra;50-A;17/09/2016;17/09/2016;17/09/2017;Holandês;04/12/2025;Morte;Neosporose;;;;;;;23/08/2024;Normal;1;0;;;;;;;26/05/2025;Inseminação Artificial;JORBESON NUNES;CIO NATURAL;;-53431;;C;Girolando;5;49;;Principal - Leite;01/07/2025;NEGATIVO;;;;;;;;9565,7;0;;0;45;;;;;23/08/2024;26/09/2025;7628;
;;Fazenda Estreito Ponte de Pedra;50-A;17/09/2016;17/09/2016;17/09/2017;Holandês;04/12/2025;Morte;Neosporose;;;;;;;23/08/2024;Normal;1;0;;;;;;;12/07/2025;Inseminação Artificial;JORBESON NUNES;CIO NATURAL;;-867;;C;Girolando;6;47;;Principal - Leite;08/08/2025;NEGATIVO;;;;;;;;9565,7;0;;0;45;;;;;23/08/2024;26/09/2025;7628;
;;Fazenda Estreito Ponte de Pedra;50-A;17/09/2016;17/09/2016;17/09/2017;Holandês;04/12/2025;Morte;Neosporose;;;;;;;23/08/2024;Normal;1;0;;;;;;;19/08/2025;Inseminação Artificial;LEOMIR BONFIM;CIO NATURAL;;-867;;C;Girolando;7;38;;Principal - Leite;23/09/2025;NEGATIVO;;;;;;;;9565,7;0;;0;45;;;;;23/08/2024;26/09/2025;7628;
;;Fazenda Estreito Ponte de Pedra;559;01/08/2024;22/06/2026;01/08/2025;Girolando;;;;;HELIO RODARTE E SILVA;;;;;;;0;;;;;;;;23/11/2025;Inseminação Artificial;;CIO NATURAL;;DESCONHECIDO 0;;C;Girolando;1;;;Principal - Leite;23/12/2025;POSITIVO;;;;;;;;;0;;0;45;;;;;;;;
;;Fazenda Estreito Ponte de Pedra;603;23/10/2020;23/10/2020;23/10/2021;Holandês;;;;;;;ABS LABEL;;;;;0;;;;;;;;04/03/2024;Inseminação Artificial;THIAGO ALPHA ABS;CIO NATURAL;;TOURO;;C;Girolando;1;;;Principal - Leite;04/04/2024;POSITIVO;;;;;;;;;0;;0;45;10/12/2024;Normal;F;;10/12/2024;19/11/2025;8862;
;;Fazenda Estreito Ponte de Pedra;603;23/10/2020;23/10/2020;23/10/2021;Holandês;;;;;;;ABS LABEL;;;10/12/2024;Normal;1;0;NÃO;F;;;;;23/02/2025;Inseminação Artificial;JORBESON NUNES;CIO NATURAL;;-53431;;C;Girolando;1;;;Principal - Leite;06/04/2025;NEGATIVO;;;;;;;;9749,264;0;;0;45;;;;;10/12/2024;19/11/2025;8862;
;;Fazenda Estreito Ponte de Pedra;603;23/10/2020;23/10/2020;23/10/2021;Holandês;;;;;;;ABS LABEL;;;10/12/2024;Normal;1;0;NÃO;F;;;;;07/04/2025;Inseminação Artificial;JORBESON NUNES;CIO NATURAL;;-53431;;C;Girolando;2;43;;Principal - Leite;15/05/2025;POSITIVO;;;;;;;;9749,264;0;;0;45;21/11/2025;Normal;F;;10/12/2024;19/11/2025;8862;
;;Fazenda Estreito Ponte de Pedra;603;23/10/2020;23/10/2020;23/10/2021;Holandês;;;;;;;ABS LABEL;;;21/11/2025;Normal;2;0;NÃO;F;;;;;16/02/2026;Inseminação Artificial;LEOMIR BONFIM;PROTOCOLO IATF;PROTOCOLO IATF D0 A D11;A.R.K. MYTYME HILLUX;;C;Girolando;1;;;Principal - Leite;20/03/2026;NEGATIVO;;;;;9749,264;344;2;5226;0;;0;45;;;;;10/12/2024;19/11/2025;8862;
;;Fazenda Estreito Ponte de Pedra;603;23/10/2020;23/10/2020;23/10/2021;Holandês;;;;;;;ABS LABEL;;;21/11/2025;Normal;2;0;NÃO;F;;;;;31/03/2026;Inseminação Artificial;LEOMIR BONFIM;PROTOCOLO IATF;PROTOCOLO IATF D0 A D11;A.R.K. MYTYME HILLUX;;C;Girolando;2;43;;Principal - Leite;21/04/2026;NEGATIVO;;;;;9749,264;344;2;5226;0;;0;45;;;;;10/12/2024;19/11/2025;8862;
;;Fazenda Estreito Ponte de Pedra;603;23/10/2020;23/10/2020;23/10/2021;Holandês;;;;;;;ABS LABEL;;;21/11/2025;Normal;2;0;NÃO;F;;;;;21/04/2026;Inseminação Artificial;LEOMIR BONFIM;CIO NATURAL;;A.R.K. MYTYME HILLUX;;C;Girolando;3;21;;Principal - Leite;22/05/2026;POSITIVO;;;;;9749,264;344;2;5226;0;;0;45;;;;;10/12/2024;19/11/2025;8862;
;;Fazenda Estreito Ponte de Pedra;628-AJ;30/11/2014;30/11/2014;30/11/2015;Holandês;28/12/2025;Voluntária;Abate;;;;;;;;;0;;;;;;;;21/11/2023;Inseminação Artificial;THIAGO ALPHA ABS;CIO NATURAL;;TOURO;;C;Girolando;1;;;Principal - Leite;11/01/2024;POSITIVO;;;;;;;;;0;;0;45;23/08/2024;Normal;;;23/08/2024;20/11/2025;7272;
;;Fazenda Estreito Ponte de Pedra;628-AJ;30/11/2014;30/11/2014;30/11/2015;Holandês;28/12/2025;Voluntária;Abate;;;;;;;23/08/2024;Normal;1;0;;;;;;;17/10/2024;Inseminação Artificial;JORBESON NUNES;CIO NATURAL;;ROBO;;C;Girolando;1;;;Principal - Leite;19/12/2024;NEGATIVO;;;;;;;;9330,7;0;;0;45;;;;;23/08/2024;20/11/2025;7272;
;;Fazenda Estreito Ponte de Pedra;628-AJ;30/11/2014;30/11/2014;30/11/2015;Holandês;28/12/2025;Voluntária;Abate;;;;;;;23/08/2024;Normal;1;0;;;;;;;30/12/2024;Inseminação Artificial;JORBESON NUNES;CIO NATURAL;;ROBO;;C;Girolando;2;74;;Principal - Leite;10/02/2025;NEGATIVO;;;;;;;;9330,7;0;;0;45;;;;;23/08/2024;20/11/2025;7272;
;;Fazenda Estreito Ponte de Pedra;628-AJ;30/11/2014;30/11/2014;30/11/2015;Holandês;28/12/2025;Voluntária;Abate;;;;;;;23/08/2024;Normal;1;0;;;;;;;23/02/2025;Inseminação Artificial;JORBESON NUNES;CIO NATURAL;;-53431;;C;Girolando;3;55;;Principal - Leite;06/04/2025;NEGATIVO;;;;;;;;9330,7;0;;0;45;;;;;23/08/2024;20/11/2025;7272;
;;Fazenda Estreito Ponte de Pedra;628-AJ;30/11/2014;30/11/2014;30/11/2015;Holandês;28/12/2025;Voluntária;Abate;;;;;;;23/08/2024;Normal;1;0;;;;;;;07/04/2025;Inseminação Artificial;JORBESON NUNES;CIO NATURAL;;-53431;;C;Girolando;4;43;;Principal - Leite;15/05/2025;NEGATIVO;;;;;;;;9330,7;0;;0;45;;;;;23/08/2024;20/11/2025;7272;
;;Fazenda Estreito Ponte de Pedra;628-AJ;30/11/2014;30/11/2014;30/11/2015;Holandês;28/12/2025;Voluntária;Abate;;;;;;;23/08/2024;Normal;1;0;;;;;;;26/05/2025;Inseminação Artificial;JORBESON NUNES;CIO NATURAL;;-53431;;C;Girolando;5;49;;Principal - Leite;01/07/2025;NEGATIVO;;;;;;;;9330,7;0;;0;45;;;;;23/08/2024;20/11/2025;7272;
;;Fazenda Estreito Ponte de Pedra;628-AJ;30/11/2014;30/11/2014;30/11/2015;Holandês;28/12/2025;Voluntária;Abate;;;;;;;23/08/2024;Normal;1;0;;;;;;;12/07/2025;Inseminação Artificial;JORBESON NUNES;CIO NATURAL;;-867;;C;Girolando;6;47;;Principal - Leite;08/08/2025;NEGATIVO;;;;;;;;9330,7;0;;0;45;;;;;23/08/2024;20/11/2025;7272;
;;Fazenda Estreito Ponte de Pedra;628-AJ;30/11/2014;30/11/2014;30/11/2015;Holandês;28/12/2025;Voluntária;Abate;;;;;;;23/08/2024;Normal;1;0;;;;;;;19/08/2025;Inseminação Artificial;LEOMIR BONFIM;CIO NATURAL;;-867;;C;Girolando;7;38;;Principal - Leite;23/09/2025;NEGATIVO;;;;;;;;9330,7;0;;0;45;;;;;23/08/2024;20/11/2025;7272;
;;Fazenda Estreito Ponte de Pedra;628-AJ;30/11/2014;30/11/2014;30/11/2015;Holandês;28/12/2025;Voluntária;Abate;;;;;;;23/08/2024;Normal;1;0;;;;;;;04/10/2025;Inseminação Artificial;LEOMIR BONFIM;CIO NATURAL;;A.R.K. MYTYME HILLUX;;C;Girolando;8;46;;Principal - Leite;07/11/2025;NEGATIVO;;;;;;;;9330,7;0;;0;45;;;;;23/08/2024;20/11/2025;7272;
;;Fazenda Estreito Ponte de Pedra;657-BJ;14/03/2015;14/03/2015;13/03/2016;Holandês;04/12/2025;Morte;Outras;;;;;;;;;0;;;;;;;;22/01/2024;Inseminação Artificial;THIAGO ALPHA ABS;CIO NATURAL;;TOURO;;C;Girolando;1;;;Principal - Leite;22/02/2024;NEGATIVO;;;;;;;;;0;;0;45;;;;;07/04/2025;18/09/2025;2163,541;
;;Fazenda Estreito Ponte de Pedra;657-BJ;14/03/2015;14/03/2015;13/03/2016;Holandês;04/12/2025;Morte;Outras;;;;;;;;;0;;;;;;;;04/03/2024;Inseminação Artificial;THIAGO ALPHA ABS;CIO NATURAL;;TOURO;;C;Girolando;2;42;;Principal - Leite;04/04/2024;NEGATIVO;;;;;;;;;0;;0;45;;;;;07/04/2025;18/09/2025;2163,541;
;;Fazenda Estreito Ponte de Pedra;657-BJ;14/03/2015;14/03/2015;13/03/2016;Holandês;04/12/2025;Morte;Outras;;;;;;;;;0;;;;;;;;15/04/2024;Inseminação Artificial;THIAGO ALPHA ABS;CIO NATURAL;;TOURO;;C;Girolando;3;42;;Principal - Leite;06/06/2024;NEGATIVO;;;;;;;;;0;;0;45;;;;;07/04/2025;18/09/2025;2163,541;
;;Fazenda Estreito Ponte de Pedra;657-BJ;14/03/2015;14/03/2015;13/03/2016;Holandês;04/12/2025;Morte;Outras;;;;;;;;;0;;;;;;;;17/06/2024;Inseminação Artificial;THIAGO ALPHA ABS;CIO NATURAL;;TOURO;;C;Girolando;4;63;;Principal - Leite;09/07/2024;NEGATIVO;;;;;;;;;0;;0;45;;;;;07/04/2025;18/09/2025;2163,541;
;;Fazenda Estreito Ponte de Pedra;657-BJ;14/03/2015;14/03/2015;13/03/2016;Holandês;04/12/2025;Morte;Outras;;;;;;;;;0;;;;;;;;10/07/2024;Inseminação Artificial;THIAGO ALPHA ABS;CIO NATURAL;;TOURO;;C;Girolando;5;23;;Principal - Leite;15/08/2024;POSITIVO;;;;;;;;;0;;0;45;07/04/2025;Natimorto;;;07/04/2025;18/09/2025;2163,541;
;;Fazenda Estreito Ponte de Pedra;706-BJ;01/06/2015;01/06/2015;31/05/2016;Holandês;28/12/2025;Voluntária;Abate;;;;;;;;;0;;;;;;;;05/02/2024;Cobertura;;CIO NATURAL;;N. INF;;;Holandês;1;;;Principal - Leite;04/03/2024;POSITIVO;;;;;;;;;0;;0;45;14/11/2024;Normal;M;;14/11/2024;28/12/2025;0;
;;Fazenda Estreito Ponte de Pedra;706-BJ;01/06/2015;01/06/2015;31/05/2016;Holandês;28/12/2025;Voluntária;Abate;;;;;;;14/11/2024;Normal;1;0;NÃO;M;;;;;03/02/2025;Inseminação Artificial;THIAGO ALPHA ABS;CIO NATURAL;;DESCONHECIDO 0;;C;Girolando;1;;;Principal - Leite;07/03/2025;NEGATIVO;;;;;;;;4079;0;;0;45;;;;;14/11/2024;28/12/2025;0;
;;Fazenda Estreito Ponte de Pedra;706-BJ;01/06/2015;01/06/2015;31/05/2016;Holandês;28/12/2025;Voluntária;Abate;;;;;;;14/11/2024;Normal;1;0;NÃO;M;;;;;07/04/2025;Inseminação Artificial;;CIO NATURAL;;DESCONHECIDO 0;;C;Girolando;2;63;;Principal - Leite;15/05/2025;NEGATIVO;;;;;;;;4079;0;;0;45;;;;;14/11/2024;28/12/2025;0;
;;Fazenda Estreito Ponte de Pedra;706-BJ;01/06/2015;01/06/2015;31/05/2016;Holandês;28/12/2025;Voluntária;Abate;;;;;;;14/11/2024;Normal;1;0;NÃO;M;;;;;26/05/2025;Inseminação Artificial;JORBESON NUNES;CIO NATURAL;;DESCONHECIDO 0;;C;Girolando;3;49;;Principal - Leite;01/07/2025;NEGATIVO;;;;;;;;4079;0;;0;45;;;;;14/11/2024;28/12/2025;0;
;;Fazenda Estreito Ponte de Pedra;706-BJ;01/06/2015;01/06/2015;31/05/2016;Holandês;28/12/2025;Voluntária;Abate;;;;;;;14/11/2024;Normal;1;0;NÃO;M;;;;;12/07/2025;Inseminação Artificial;JORBESON NUNES;CIO NATURAL;;DESCONHECIDO 0;;C;Girolando;4;47;;Principal - Leite;08/08/2025;NEGATIVO;;;;;;;;4079;0;;0;45;;;;;14/11/2024;28/12/2025;0;
;;Fazenda Estreito Ponte de Pedra;706-BJ;01/06/2015;01/06/2015;31/05/2016;Holandês;28/12/2025;Voluntária;Abate;;;;;;;14/11/2024;Normal;1;0;NÃO;M;;;;;19/08/2025;Inseminação Artificial;LEOMIR BONFIM;CIO NATURAL;;DESCONHECIDO 0;;C;Girolando;5;38;;Principal - Leite;23/09/2025;POSITIVO;;;;;;;;4079;0;;0;45;;;;;14/11/2024;28/12/2025;0;
;;Fazenda Estreito Ponte de Pedra;7508;01/08/2024;22/06/2026;01/08/2025;Girolando;;;;;HELIO RODARTE E SILVA;;;;;;;0;;;;;;;;03/01/2026;Inseminação Artificial;;CIO NATURAL;;DESCONHECIDO 0;;C;Girolando;1;;;Principal - Leite;03/02/2026;POSITIVO;;;;;;;;;0;;0;45;;;;;;;;
;;Fazenda Estreito Ponte de Pedra;7518;01/08/2024;22/06/2026;01/08/2025;Girolando;;;;;HELIO RODARTE E SILVA;;;;;;;0;;;;;;;;03/02/2026;Inseminação Artificial;;CIO NATURAL;;DESCONHECIDO 0;;C;Girolando;1;;;Principal - Leite;03/03/2026;POSITIVO;;;;;;;;;0;;0;45;;;;;;;;
;;Fazenda Estreito Ponte de Pedra;7520;01/08/2024;22/06/2026;01/08/2025;Girolando;;;;;HELIO RODARTE E SILVA;;;;;;;0;;;;;;;;03/01/2026;Inseminação Artificial;;CIO NATURAL;;DESCONHECIDO 0;;C;Girolando;1;;;Principal - Leite;03/02/2026;POSITIVO;;;;;;;;;0;;0;45;;;;;;;;
;;Fazenda Estreito Ponte de Pedra;7541;01/08/2024;22/06/2026;01/08/2025;Girolando;;;;;HELIO RODARTE E SILVA;;;;;;;0;;;;;;;;03/02/2026;Inseminação Artificial;;CIO NATURAL;;DESCONHECIDO 0;;C;Girolando;1;;;Principal - Leite;03/03/2026;POSITIVO;;;;;;;;;0;;0;45;;;;;;;;
;;Fazenda Estreito Ponte de Pedra;7542;01/08/2024;22/06/2026;01/08/2025;Girolando;;;;;HELIO RODARTE E SILVA;;;;;;;0;;;;;;;;23/11/2025;Inseminação Artificial;;CIO NATURAL;;DESCONHECIDO 0;;C;Girolando;1;;;Principal - Leite;23/12/2025;POSITIVO;;;;;;;;;0;;0;45;;;;;;;;
;;Fazenda Estreito Ponte de Pedra;7656;01/08/2024;22/06/2026;01/08/2025;Girolando;;;;;HELIO RODARTE E SILVA;;;;;;;0;;;;;;;;03/02/2026;Inseminação Artificial;;CIO NATURAL;;DESCONHECIDO 0;;C;Girolando;1;;;Principal - Leite;03/03/2026;POSITIVO;;;;;;;;;0;;0;45;;;;;;;;
;;Fazenda Estreito Ponte de Pedra;8013;01/08/2024;22/06/2026;01/08/2025;Girolando;;;;;HELIO RODARTE E SILVA;;;;;;;0;;;;;;;;23/11/2025;Inseminação Artificial;;CIO NATURAL;;DESCONHECIDO 0;;C;Girolando;1;;;Principal - Leite;23/12/2025;POSITIVO;03/07/2026;DIAGNÓSTICO;;;;;;;0;;0;45;;;;;;;;
;;Fazenda Estreito Ponte de Pedra;861;28/02/2024;30/12/2025;27/02/2025;Girolando;;;;;JAIRO NASSER QUINTILIANO DA SILVA;;;;;;;0;;;;;;;;15/07/2025;Inseminação Artificial;;CIO NATURAL;;DESCONHECIDO 0;;C;Girolando;1;;;Principal - Leite;15/08/2025;POSITIVO;;;;;;;;;0;;0;45;27/04/2026;Normal;F;;27/04/2026;;4429;
;;Fazenda Estreito Ponte de Pedra;861;28/02/2024;30/12/2025;27/02/2025;Girolando;;;;;JAIRO NASSER QUINTILIANO DA SILVA;;;;;27/04/2026;Normal;1;0;NÃO;F;;;;;23/06/2026;Inseminação Artificial;LEOMIR BONFIM;PROTOCOLO IATF;PROTOCOLO IATF D0 A D11;HAGEN;;S;Holandês;1;;;Principal - Leite;;ABERTO;;;;;;;;4429;0;;0;45;;;;;27/04/2026;;4429;
;;Fazenda Estreito Ponte de Pedra;8907;01/08/2024;22/06/2026;01/08/2025;Girolando;;;;;HELIO RODARTE E SILVA;;;;;;;0;;;;;;;;03/02/2026;Inseminação Artificial;;CIO NATURAL;;DESCONHECIDO 0;;C;Girolando;1;;;Principal - Leite;03/03/2026;POSITIVO;;;;;;;;;0;;0;45;;;;;;;;
;;Fazenda Estreito Ponte de Pedra;8919;01/08/2024;22/06/2026;01/08/2025;Girolando;;;;;JAIRO ALEXANDRE RODARTE E SILVA;;;;;;;0;;;;;;;;03/02/2026;Inseminação Artificial;;CIO NATURAL;;DESCONHECIDO 0;;C;Girolando;1;;;Principal - Leite;03/03/2026;POSITIVO;;;;;;;;;0;;0;45;;;;;;;;
;;Fazenda Estreito Ponte de Pedra;9251;01/08/2024;22/06/2026;01/08/2025;Girolando;;;;;JAIRO ALEXANDRE RODARTE E SILVA;;;;;;;0;;;;;;;;23/11/2025;Inseminação Artificial;;CIO NATURAL;;DESCONHECIDO 0;;C;Girolando;1;;;Principal - Leite;23/12/2025;POSITIVO;;;;;;;;;0;;0;45;;;;;;;;
;;Fazenda Estreito Ponte de Pedra;9320;01/08/2024;22/06/2026;01/08/2025;Girolando;;;;;JAIRO ALEXANDRE RODARTE E SILVA;;;;;;;0;;;;;;;;23/11/2025;Inseminação Artificial;;CIO NATURAL;;DESCONHECIDO 0;;C;Girolando;1;;;Principal - Leite;23/12/2025;POSITIVO;;;;;;;;;0;;0;45;;;;;;;;
;;Fazenda Estreito Ponte de Pedra;9321;01/08/2024;22/06/2026;01/08/2025;Girolando;;;;;JAIRO ALEXANDRE RODARTE E SILVA;;;;;;;0;;;;;;;;23/11/2025;Inseminação Artificial;;CIO NATURAL;;DESCONHECIDO 0;;C;Girolando;1;;;Principal - Leite;23/12/2025;POSITIVO;30/06/2026;DIAGNÓSTICO;;;;;;;0;;0;45;;;;;;;;
;;Fazenda Estreito Ponte de Pedra;9321;01/08/2024;22/06/2026;01/08/2025;Girolando;;;;;JAIRO ALEXANDRE RODARTE E SILVA;;;;;;;0;;;;;;;;01/07/2026;Cobertura;;CIO NATURAL;;SEVAVERDE;;;Holandês;2;220;;Principal - Leite;;ABERTO;;;;;;;;;0;;0;45;;;;;;;;
;;Fazenda Estreito Ponte de Pedra;9322;01/08/2024;22/06/2026;01/08/2025;Girolando;;;;;JAIRO ALEXANDRE RODARTE E SILVA;;;;;;;0;;;;;;;;23/11/2025;Inseminação Artificial;;CIO NATURAL;;DESCONHECIDO 0;;C;Girolando;1;;;Principal - Leite;23/12/2025;POSITIVO;03/07/2026;DIAGNÓSTICO;;;;;;;0;;0;45;;;;;;;;
;;Fazenda Estreito Ponte de Pedra;9370;01/08/2024;22/06/2026;01/08/2025;Girolando;;;;;JAIRO ALEXANDRE RODARTE E SILVA;;;;;;;0;;;;;;;;03/02/2026;Inseminação Artificial;;CIO NATURAL;;DESCONHECIDO 0;;C;Girolando;1;;;Principal - Leite;03/03/2026;POSITIVO;;;;;;;;;0;;0;45;;;;;;;;
;;Fazenda Estreito Ponte de Pedra;9372;01/08/2024;22/06/2026;01/08/2025;Girolando;;;;;JAIRO ALEXANDRE RODARTE E SILVA;;;;;;;0;;;;;;;;23/11/2025;Inseminação Artificial;;CIO NATURAL;;DESCONHECIDO 0;;C;Girolando;1;;;Principal - Leite;23/12/2025;POSITIVO;;;;;;;;;0;;0;45;;;;;;;;
;;Fazenda Estreito Ponte de Pedra;9373;01/08/2024;22/06/2026;01/08/2025;Girolando;;;;;JAIRO ALEXANDRE RODARTE E SILVA;;;;;;;0;;;;;;;;03/02/2026;Inseminação Artificial;;CIO NATURAL;;DESCONHECIDO 0;;C;Girolando;1;;;Principal - Leite;03/03/2026;POSITIVO;;;;;;;;;0;;0;45;;;;;;;;
;;Fazenda Estreito Ponte de Pedra;9376;01/08/2024;22/06/2026;01/08/2025;Girolando;;;;;JAIRO ALEXANDRE RODARTE E SILVA;;;;;;;0;;;;;;;;23/11/2025;Inseminação Artificial;;CIO NATURAL;;DESCONHECIDO 0;;C;Girolando;1;;;Principal - Leite;23/12/2025;POSITIVO;;;;;;;;;0;;0;45;;;;;;;;
;;Fazenda Estreito Ponte de Pedra;9378;01/08/2024;22/06/2026;01/08/2025;Girolando;;;;;JAIRO ALEXANDRE RODARTE E SILVA;;;;;;;0;;;;;;;;23/11/2025;Inseminação Artificial;;CIO NATURAL;;DESCONHECIDO 0;;C;Girolando;1;;;Principal - Leite;23/12/2025;POSITIVO;03/07/2026;DIAGNÓSTICO;;;;;;;0;;0;45;;;;;;;;
;;Fazenda Estreito Ponte de Pedra;A-282;24/05/2018;24/05/2018;24/05/2019;Holandês;04/12/2025;Morte;Neosporose;;;;;;;;;0;;;;;;;;27/11/2023;Inseminação Artificial;THIAGO ALPHA ABS;CIO NATURAL;;TOURO;;C;Girolando;1;;;Principal - Leite;27/12/2023;POSITIVO;;;;;;;;;0;;0;45;;;;;;;;
;;Fazenda Estreito Ponte de Pedra;A-368;02/01/2019;02/01/2019;02/01/2020;Holandês;04/12/2025;Morte;Neosporose;;;;;;;;;0;;;;;;;;10/10/2023;Inseminação Artificial;THIAGO ALPHA ABS;CIO NATURAL;;TOURO;;C;Girolando;1;;;Principal - Leite;10/11/2023;POSITIVO;;;;;;;;;0;;0;45;10/07/2024;Normal;;;10/07/2024;;0;
;;Fazenda Estreito Ponte de Pedra;A-472;31/08/2019;31/08/2019;30/08/2020;Holandês;04/12/2025;Morte;Neosporose;;;;;;;;;0;;;;;;;;05/11/2023;Inseminação Artificial;THIAGO ALPHA ABS;CIO NATURAL;;TOURO;;C;Girolando;1;;;Principal - Leite;05/12/2023;POSITIVO;;;;;;;;;0;;0;45;;;;;;;;
;;Fazenda Estreito Ponte de Pedra;A-50;17/09/2016;17/09/2016;17/09/2017;Holandês;04/12/2025;Morte;Neosporose;;;;;;;;;0;;;;;;;;27/11/2023;Inseminação Artificial;THIAGO ALPHA ABS;CIO NATURAL;;TOURO;;C;Girolando;1;;;Principal - Leite;27/12/2023;POSITIVO;;;;;;;;;0;;0;45;;;;;;;;
;;Fazenda Estreito Ponte de Pedra;A-603;23/10/2020;23/10/2020;23/10/2021;Holandês;04/12/2025;Morte;Neosporose;;;;ABS LABEL;;;;;0;;;;;;;;09/03/2024;Inseminação Artificial;THIAGO ALPHA ABS;CIO NATURAL;;TOURO;;C;Girolando;1;;;Principal - Leite;09/04/2024;POSITIVO;;;;;;;;;0;;0;45;;;;;;;;
;;Fazenda Estreito Ponte de Pedra;A-857 R1;02/12/2014;02/12/2014;02/12/2015;Holandês;04/12/2025;Morte;Neosporose;;;;;;;;;0;;;;;;;;27/11/2023;Inseminação Artificial;THIAGO ALPHA ABS;CIO NATURAL;;TOURO;;C;Girolando;1;;;Principal - Leite;27/12/2023;POSITIVO;;;;;;;;;0;;0;45;;;;;;;;
;;Fazenda Estreito Ponte de Pedra;A-857 R2;02/12/2014;02/12/2014;02/12/2015;Holandês;04/12/2025;Morte;Outras;;;;;;;;;0;;;;;;;;21/11/2023;Inseminação Artificial;THIAGO ALPHA ABS;CIO NATURAL;;TOURO;;C;Girolando;1;;;Principal - Leite;11/01/2024;POSITIVO;;;;;;;;;0;;0;45;11/08/2024;Natimorto;;;11/08/2024;;2295;
;;Fazenda Estreito Ponte de Pedra;A-857 R2;02/12/2014;02/12/2014;02/12/2015;Holandês;04/12/2025;Morte;Outras;;;;;;;11/08/2024;Natimorto;1;0;;;;;;;07/10/2024;Inseminação Artificial;JORBESON NUNES;CIO NATURAL;;ROBO;;C;Girolando;1;;;Principal - Leite;07/11/2024;NEGATIVO;;;;;;;;2295;0;;0;45;;;;;11/08/2024;;2295;
;;Fazenda Estreito Ponte de Pedra;A-857 R2;02/12/2014;02/12/2014;02/12/2015;Holandês;04/12/2025;Morte;Outras;;;;;;;11/08/2024;Natimorto;1;0;;;;;;;18/11/2024;Inseminação Artificial;JORBESON NUNES;CIO NATURAL;;ROBO;;C;Girolando;2;42;;Principal - Leite;19/12/2024;NEGATIVO;;;;;;;;2295;0;;0;45;;;;;11/08/2024;;2295;
;;Fazenda Estreito Ponte de Pedra;A-857 R2;02/12/2014;02/12/2014;02/12/2015;Holandês;04/12/2025;Morte;Outras;;;;;;;11/08/2024;Natimorto;1;0;;;;;;;30/12/2024;Inseminação Artificial;JORBESON NUNES;CIO NATURAL;;ROBO;;C;Girolando;3;42;;Principal - Leite;10/02/2025;POSITIVO;;;;;;;;2295;0;;0;45;;;;;11/08/2024;;2295;
;;Fazenda Estreito Ponte de Pedra;A-975 R1;04/04/2016;04/04/2016;04/04/2017;Holandês;04/12/2025;Morte;Neosporose;;;;;;;;;0;;;;;;;;05/11/2023;Inseminação Artificial;THIAGO ALPHA ABS;CIO NATURAL;;TOURO;;C;Girolando;1;;;Principal - Leite;05/12/2023;POSITIVO;;;;;;;;;0;;0;45;03/08/2024;Normal;;;03/08/2024;;0;
;;Fazenda Estreito Ponte de Pedra;A-975 R2;04/04/2016;04/04/2016;04/04/2017;Holandês;04/12/2025;Morte;Outras;;;;;;;;;0;;;;;;;;30/10/2023;Inseminação Artificial;THIAGO ALPHA ABS;CIO NATURAL;;TOURO;;C;Girolando;1;;;Principal - Leite;30/11/2023;POSITIVO;;;;;;;;;0;;0;45;03/08/2024;Normal;;;03/08/2024;;0;
;;Fazenda Estreito Ponte de Pedra;AJ-628;30/11/2014;30/11/2014;30/11/2015;Holandês;04/12/2025;Morte;Neosporose;;;;;;;;;0;;;;;;;;27/11/2023;Inseminação Artificial;THIAGO ALPHA ABS;CIO NATURAL;;TOURO;;C;Girolando;1;;;Principal - Leite;27/12/2023;POSITIVO;;;;;;;;;0;;0;45;;;;;;;;
;;Fazenda Estreito Ponte de Pedra;B-834;02/08/2014;02/08/2014;02/08/2015;Holandês;04/12/2025;Morte;Outras;;;;;;;;;0;;;;;;;;17/06/2024;Inseminação Artificial;THIAGO ALPHA ABS;CIO NATURAL;;TOURO;;C;Girolando;1;;;Principal - Leite;25/07/2024;POSITIVO;;;;;;;;;0;;0;45;15/03/2025;Natimorto;;;15/03/2025;;0;
;;Fazenda Estreito Ponte de Pedra;B-880;11/05/2015;11/05/2015;10/05/2016;Holandês;04/12/2025;Morte;Outras;;;;;;;;;0;;;;;;;;16/09/2023;Inseminação Artificial;THIAGO ALPHA ABS;CIO NATURAL;;TOURO;;C;Girolando;1;;;Principal - Leite;19/10/2023;NEGATIVO;;;;;;;;;0;;0;45;;;;;;;;
;;Fazenda Estreito Ponte de Pedra;B-880;11/05/2015;11/05/2015;10/05/2016;Holandês;04/12/2025;Morte;Outras;;;;;;;;;0;;;;;;;;30/10/2023;Inseminação Artificial;THIAGO ALPHA ABS;CIO NATURAL;;TOURO;;C;Girolando;2;44;;Principal - Leite;30/11/2023;NEGATIVO;;;;;;;;;0;;0;45;;;;;;;;
;;Fazenda Estreito Ponte de Pedra;B-880;11/05/2015;11/05/2015;10/05/2016;Holandês;04/12/2025;Morte;Outras;;;;;;;;;0;;;;;;;;11/12/2023;Inseminação Artificial;THIAGO ALPHA ABS;CIO NATURAL;;TOURO;;C;Girolando;3;42;;Principal - Leite;11/01/2024;NEGATIVO;;;;;;;;;0;;0;45;;;;;;;;
;;Fazenda Estreito Ponte de Pedra;B-880;11/05/2015;11/05/2015;10/05/2016;Holandês;04/12/2025;Morte;Outras;;;;;;;;;0;;;;;;;;22/01/2024;Inseminação Artificial;THIAGO ALPHA ABS;CIO NATURAL;;TOURO;;C;Girolando;4;42;;Principal - Leite;22/02/2024;NEGATIVO;;;;;;;;;0;;0;45;;;;;;;;
;;Fazenda Estreito Ponte de Pedra;B-880;11/05/2015;11/05/2015;10/05/2016;Holandês;04/12/2025;Morte;Outras;;;;;;;;;0;;;;;;;;04/03/2024;Inseminação Artificial;THIAGO ALPHA ABS;CIO NATURAL;;TOURO;;C;Girolando;5;42;;Principal - Leite;04/04/2024;NEGATIVO;;;;;;;;;0;;0;45;;;;;;;;
;;Fazenda Estreito Ponte de Pedra;B-880;11/05/2015;11/05/2015;10/05/2016;Holandês;04/12/2025;Morte;Outras;;;;;;;;;0;;;;;;;;15/04/2024;Inseminação Artificial;THIAGO ALPHA ABS;CIO NATURAL;;TOURO;;C;Girolando;6;42;;Principal - Leite;16/05/2024;NEGATIVO;;;;;;;;;0;;0;45;;;;;;;;
;;Fazenda Estreito Ponte de Pedra;B-880;11/05/2015;11/05/2015;10/05/2016;Holandês;04/12/2025;Morte;Outras;;;;;;;;;0;;;;;;;;27/05/2024;Inseminação Artificial;THIAGO ALPHA ABS;CIO NATURAL;;TOURO;;C;Girolando;7;42;;Principal - Leite;19/06/2024;NEGATIVO;;;;;;;;;0;;0;45;;;;;;;;
;;Fazenda Estreito Ponte de Pedra;B-880;11/05/2015;11/05/2015;10/05/2016;Holandês;04/12/2025;Morte;Outras;;;;;;;;;0;;;;;;;;20/06/2024;Inseminação Artificial;THIAGO ALPHA ABS;CIO NATURAL;;TOURO;;C;Girolando;8;24;;Principal - Leite;25/07/2024;NEGATIVO;;;;;;;;;0;;0;45;;;;;;;;
;;Fazenda Estreito Ponte de Pedra;B-880;11/05/2015;11/05/2015;10/05/2016;Holandês;04/12/2025;Morte;Outras;;;;;;;;;0;;;;;;;;03/08/2024;Cobertura;;CIO NATURAL;;TOURO;;;Girolando;9;44;;Principal - Leite;05/09/2024;POSITIVO;;;;;;;;;0;;0;45;;;;;;;;
